Timestep,StockGroup,Min,Interval2.5,Interval10,Interval25,Mean,Interval75,Interval90,Interval97.5,Max
2001,DOM,375.9,375.9,375.9,375.9,375.9,375.9,375.9,375.9,375.9
2001,Live,1804.3,1804.3,1804.3,1804.3,1804.3,1804.3,1804.3,1804.3,1804.3
2001,Soil,2643,2643,2643,2643,2643,2643,2643,2643,2643
2002,DOM,371.1,371.3,371.4,371.4,371.5,371.6,371.6,371.7,371.9
2002,Live,1781.2,1781.9,1782.1,1782.3,1782.6,1782.8,1783,1783.2,1783.8
2002,Soil,2639.3,2639.6,2639.7,2639.8,2639.9,2640,2640.1,2640.2,2640.4
2003,DOM,368.3,368.4,368.5,368.6,368.7,368.8,368.9,369,369.2
2003,Live,1781.7,1782.2,1782.6,1782.8,1783.1,1783.4,1783.7,1784,1784.5
2003,Soil,2634.1,2634.4,2634.5,2634.7,2634.8,2635,2635.1,2635.2,2635.5
2004,DOM,372.7,372.9,373,373.1,373.2,373.3,373.4,373.5,373.7
2004,Live,1789,1789.9,1790.3,1790.7,1791,1791.4,1791.7,1792.1,1792.8
2004,Soil,2627.9,2628.1,2628.3,2628.5,2628.6,2628.8,2628.9,2629.1,2629.4
2005,DOM,378.9,379.1,379.2,379.3,379.5,379.6,379.7,379.9,380.2
2005,Live,1825.4,1826.3,1826.8,1827.1,1827.5,1828,1828.3,1828.8,1829.6
2005,Soil,2622.5,2622.8,2623,2623.2,2623.4,2623.6,2623.7,2623.9,2624.1
2006,DOM,385.8,386,386.1,386.2,386.4,386.5,386.6,386.8,387
2006,Live,1823.9,1824.9,1825.3,1825.8,1826.3,1826.8,1827.2,1827.7,1828.9
2006,Soil,2620.2,2620.5,2620.7,2620.9,2621.1,2621.3,2621.5,2621.7,2622
2007,DOM,387.2,387.4,387.6,387.7,387.9,388,388.1,388.3,388.5
2007,Live,1772.7,1773.7,1774.3,1774.8,1775.3,1775.8,1776.3,1776.7,1778.2
2007,Soil,2618.8,2619,2619.2,2619.5,2619.7,2620,2620.2,2620.4,2620.7
2008,DOM,381.4,381.7,381.9,382.1,382.2,382.4,382.6,382.8,383.1
2008,Live,1753.3,1754.3,1754.9,1755.5,1756.1,1756.7,1757.3,1757.9,1759.2
2008,Soil,2613.8,2614.2,2614.4,2614.7,2614.9,2615.2,2615.4,2615.6,2616.1
2009,DOM,382.2,382.5,382.7,382.8,383,383.2,383.4,383.6,383.8
2009,Live,1737.7,1738.9,1739.6,1740.2,1740.9,1741.6,1742.2,1743,1743.8
2009,Soil,2608.3,2608.7,2609,2609.2,2609.5,2609.8,2610,2610.3,2610.7
2010,DOM,388.5,388.7,388.9,389.1,389.2,389.4,389.6,389.8,390
2010,Live,1795.6,1797.3,1797.9,1798.6,1799.3,1800.1,1800.7,1801.6,1802.9
2010,Soil,2603,2603.6,2603.9,2604.1,2604.4,2604.7,2605,2605.2,2605.8
2011,DOM,401.5,401.8,401.9,402.1,402.3,402.4,402.6,402.8,403
2011,Live,1776.7,1778.5,1779.2,1780,1780.7,1781.5,1782.2,1783.1,1784.3
2011,Soil,2604.2,2604.6,2604.9,2605.2,2605.5,2605.8,2606,2606.3,2607.2
2012,DOM,392.3,392.7,392.9,393,393.2,393.4,393.6,393.7,394
2012,Live,1778.1,1779.5,1780.1,1780.9,1781.7,1782.5,1783.2,1784.2,1785.1
2012,Soil,2605.5,2606,2606.4,2606.7,2607,2607.3,2607.6,2607.8,2608.9
2013,DOM,386,386.5,386.8,387.1,387.5,387.8,388.2,388.5,389
2013,Live,1691.9,1694.1,1695.7,1696.8,1698.3,1699.8,1701.2,1702.5,1704.9
2013,Soil,2602.9,2604.2,2604.7,2605.1,2605.4,2605.8,2606.1,2606.5,2607.3
2014,DOM,362.5,363.5,364,364.5,365,365.5,365.9,366.4,367.3
2014,Live,1696.6,1699.9,1701.6,1703.2,1705.5,1707.8,1709.9,1711.7,1715.5
2014,Soil,2594.2,2596,2596.4,2596.9,2597.3,2597.8,2598.2,2598.6,2599.5
2015,DOM,373.6,375.1,375.7,376.3,376.9,377.6,378,378.5,379.9
2015,Live,1646.9,1651.4,1653.4,1655.5,1658.5,1661.5,1664.2,1666.6,1672.2
2015,Soil,2583.5,2585.2,2585.9,2586.3,2586.9,2587.4,2587.9,2588.4,2589.7
2016,DOM,406.3,409.1,409.9,411,412.8,414.6,416,417.3,419.3
2016,Live,1593.9,1600.4,1609.1,1631,1652,1676.7,1684.3,1691.8,1698.3
2016,Soil,2571.4,2573.2,2573.9,2574.5,2575.1,2575.7,2576.4,2577,2578.7
2017,DOM,410,413.6,415.3,418.4,425.3,426.7,442.4,459.4,482.8
2017,Live,1549.6,1561.6,1573.1,1604.9,1621,1646.3,1660.4,1670.1,1685.9
2017,Soil,2561.4,2564.3,2565.5,2566.6,2568.3,2570.1,2571.1,2572.1,2573.7
2018,DOM,410.2,412.7,415.3,420.9,429.9,432.8,459.3,476.6,498.6
2018,Live,1575.4,1588.6,1595.9,1603,1623.7,1639.3,1661.5,1682.7,1711.1
2018,Soil,2551.2,2554,2556.6,2559.9,2561.6,2563.3,2566.3,2568.7,2571.4
2019,DOM,411.8,415.6,417.6,421,445.2,447.7,500.4,537.6,601.4
2019,Live,1462.8,1527,1580.3,1603.6,1630.6,1660.3,1673.9,1688,1715.6
2019,Soil,2544.1,2546.9,2549.9,2553.8,2556.5,2558.1,2567,2569.9,2572.5
2020,DOM,410.1,413.9,416.8,423.7,470.9,460.6,610.4,727.2,927
2020,Live,1095.4,1294.4,1413.7,1579,1609.4,1680.4,1693,1703.8,1725.5
2020,Soil,2540.8,2543.5,2546.5,2548.6,2553.8,2556.2,2569.5,2572.8,2576.2
2021,DOM,406.3,409.6,413,444.4,492,506,652.3,777.3,965.1
2021,Live,1037.4,1235.4,1366.3,1595.5,1588.2,1648.2,1678.2,1696.9,1715.3
2021,Soil,2536.3,2538.9,2541,2544.1,2551.8,2556.1,2573.6,2577.5,2580.9
2022,DOM,408.7,412.2,416.4,449.9,502.4,517.1,661.4,784.1,973.6
2022,Live,1070.7,1287.6,1424.4,1552.7,1571.5,1619.6,1673.4,1694.4,1715.1
2022,Soil,2531,2533.7,2536.5,2540.4,2550.5,2558,2575.5,2579.9,2584
2023,DOM,408.9,412.8,417.8,456.4,527.9,561.7,678.2,797.7,981
2023,Live,1003.1,1226.4,1370.4,1511.3,1538.4,1597.8,1649.6,1673.9,1699.4
2023,Soil,2526.2,2528.4,2530.9,2534.8,2548.6,2557.9,2574.9,2580,2584.5
2024,DOM,407.1,414,420,470.7,550.6,597.8,706.1,790.4,966.3
2024,Live,973.2,1199.7,1340.1,1480,1530.2,1610.7,1671.6,1707.2,1746.8
2024,Soil,2520.1,2522.7,2525.3,2529.9,2546.3,2556.8,2575.9,2581.9,2586.7
2025,DOM,414.2,424.3,434.2,507.6,573.9,619.8,730.8,791.8,945.2
2025,Live,976.1,1207.3,1330.9,1465.4,1522.4,1609.6,1648.2,1696.9,1748.8
2025,Soil,2515.4,2517.8,2520.7,2527.9,2545.7,2558.8,2577.5,2584.1,2588.7
2026,DOM,423.6,435.8,450.1,518.6,579.8,621,726.8,786.7,935.1
2026,Live,997.6,1232.8,1340.3,1469.2,1521.5,1607,1636.9,1668.3,1721.6
2026,Soil,2508.9,2512.8,2516.1,2528,2546.5,2562.4,2580.7,2587.9,2593.4
2027,DOM,451.9,487.9,512.8,540.3,600.4,638.8,733.1,791.2,934.8
2027,Live,991.3,1219.5,1301.7,1404.8,1483.7,1577.9,1628.6,1672.2,1727.1
2027,Soil,2503.6,2508.8,2513.1,2526.9,2546.8,2566.1,2582.8,2590.8,2597
2028,DOM,460.3,492.7,517,549.4,606.7,644.7,725.2,781.9,923.9
2028,Live,971.3,1198.1,1289.7,1369.8,1463.4,1557.8,1618.1,1659.2,1735
2028,Soil,2501.7,2505.7,2509.8,2523.9,2546.3,2570.5,2583.8,2592.1,2598.9
2029,DOM,461.9,492.1,514.1,550.8,607.7,647.9,717.2,770,913.3
2029,Live,937.8,1164.5,1265.6,1361.5,1461.7,1560,1623.5,1679.4,1757.3
2029,Soil,2496.9,2501.3,2505.6,2520.6,2545,2570.7,2587.8,2597.3,2604.1
2030,DOM,469.9,498.4,518.9,552.8,607.4,652.1,703.9,752.5,895
2030,Live,952,1176,1257.8,1348.5,1470.6,1578.8,1649.7,1707.7,1788
2030,Soil,2496.3,2500.6,2505,2518.8,2544.1,2569.2,2594.2,2604.8,2612.2
2031,DOM,476.4,501.7,523.4,558.2,610.2,657.4,700.1,744.5,883.5
2031,Live,937.2,1160.9,1243.7,1340.6,1460.7,1557,1650.9,1714,1803.6
2031,Soil,2494.1,2501.1,2506.2,2516.9,2543.4,2569.4,2600.2,2611.9,2619.4
2032,DOM,469.8,499.4,520,557,611.3,657,697.1,738.1,873
2032,Live,939,1169.1,1264.5,1363.7,1473.7,1581.4,1661.5,1722.4,1815.5
2032,Soil,2491.3,2499.4,2504.5,2512.9,2542,2566.7,2605.4,2618.3,2626.2
2033,DOM,475.5,504.4,525.2,560,610.4,652.8,692.1,732.7,865.3
2033,Live,963.1,1191.8,1266.5,1347.6,1462.6,1572.5,1657.7,1715.3,1801.1
2033,Soil,2489.4,2498,2502.8,2510.7,2541.9,2563.6,2614.2,2628.5,2636.5
2034,DOM,472.8,495.3,516.1,554.5,603.1,644.5,682.9,722.9,853.2
2034,Live,964.5,1190.8,1264.5,1342.7,1451.3,1554.8,1612.5,1658.3,1743.6
2034,Soil,2485.7,2494.6,2500.8,2509.2,2540.8,2560.9,2620,2635.6,2643.5
2035,DOM,464.9,485.4,506.9,551.3,597.6,637.1,674.3,716.6,835.3
2035,Live,975.7,1197.4,1270.8,1344.7,1436.9,1533.5,1591.5,1634.5,1717.4
2035,Soil,2479,2488.8,2495.9,2505.7,2537.9,2557.7,2620.4,2637.4,2645.2
2036,DOM,458.7,479.9,502.9,548.3,589.8,627.8,664.2,708.4,816.3
2036,Live,984.8,1206.7,1291.4,1371.3,1455.4,1545.3,1597.6,1651.2,1734.9
2036,Soil,2474.7,2484.5,2492.1,2501.7,2533.8,2553.3,2619.6,2637.8,2645.6
2037,DOM,456.3,478.7,498.9,544.4,601.5,634,723.3,819.4,944.7
2037,Live,947,1108.3,1213.4,1339.4,1442.1,1570,1609.3,1644.9,1720.8
2037,Soil,2473,2482.9,2489.5,2497.7,2530.7,2548.1,2619.3,2639.2,2646.6
2038,DOM,453.4,477.7,496.9,537.1,611.8,639.3,790.9,913.6,1076.5
2038,Live,826.3,1018.5,1146.8,1312.2,1435,1575.2,1656.9,1720.2,1806
2038,Soil,2471.2,2479.5,2485.8,2492.5,2527.8,2545.3,2617.4,2638.7,2646.1
2039,DOM,446,472.8,490.8,531.5,609.5,632.5,798.3,922.4,1095.1
2039,Live,810.3,1012.4,1166.2,1345.6,1450.3,1598.5,1663.4,1712.2,1794.7
2039,Soil,2466.8,2477.2,2481.6,2488.8,2525.7,2544.8,2622.7,2645.4,2652.8
2040,DOM,450,479.3,496.7,535,612.3,638.3,802.3,919.4,1082.3
2040,Live,836.2,1042,1179.8,1337.3,1446.6,1568.4,1669.6,1733.7,1817.3
2040,Soil,2464.6,2474.2,2478.5,2485.7,2524.5,2545.6,2627.8,2651.8,2659
2041,DOM,448.2,469.9,486.7,530.9,612.1,645.8,798.6,913.5,1067.6
2041,Live,822.7,1029.2,1184.1,1351.5,1453.7,1563.3,1661.9,1726.7,1812.2
2041,Soil,2466.9,2472.6,2478.5,2485.4,2523.9,2543.7,2632.3,2657.8,2665.2
2042,DOM,442,464.3,481.3,525.4,618.2,657.9,785.6,896.5,1047.7
2042,Live,819.8,1022.4,1178.3,1323.3,1445.3,1569.3,1667.8,1737.8,1822
2042,Soil,2462.4,2468.5,2476.5,2485.1,2523.5,2541,2637.5,2664.3,2671.3
2043,DOM,440.8,471.3,487.1,525.1,622.7,665.4,785,891.6,1039.6
2043,Live,882.7,1077.2,1210.1,1333.3,1457.6,1607.3,1663.7,1713.9,1798.2
2043,Soil,2456.4,2462.8,2473.3,2484.1,2522.8,2539.5,2642.5,2670.7,2677.8
2044,DOM,448.8,477.8,493.6,527.7,631.3,677.8,788.4,892.4,1043.9
2044,Live,866.9,1054.9,1193.6,1316.4,1431.1,1570.5,1623.7,1675.5,1766.5
2044,Soil,2455.1,2461.7,2473.4,2483.4,2523,2541.4,2644.4,2674.2,2681.6
2045,DOM,441.3,467.9,482,517,630.7,689.4,789.6,889.1,1027.8
2045,Live,906.2,1087.6,1218.6,1319.9,1445.6,1591.7,1654.2,1711,1807.2
2045,Soil,2452.2,2458.9,2470.7,2481.1,2522,2541.7,2646.9,2678.1,2686
2046,DOM,449.1,470.2,484.5,516.9,625.8,682.8,777,875.2,1006.4
2046,Live,885,1065.4,1199.4,1298.7,1425.5,1570.2,1634.9,1695.6,1791.3
2046,Soil,2450.9,2458,2468.9,2480,2522.3,2540.5,2653.2,2685.9,2693.9
2047,DOM,431.9,456.8,472.2,508.7,613.5,669.9,765.1,860,987.7
2047,Live,889.4,1068.2,1204.5,1313.6,1415.5,1536.9,1590.7,1647.3,1743.5
2047,Soil,2448.1,2454.5,2464.5,2476.2,2520.5,2536.6,2658.3,2692.6,2700.8
2048,DOM,430.6,451.3,464.4,497.5,604.1,660.3,748,842.4,967
2048,Live,888.5,1067.6,1208.3,1318.8,1418.7,1541.7,1590.3,1638.6,1732.1
2048,Soil,2439.6,2446.3,2457,2473.8,2516.6,2530.6,2656.6,2691.9,2700.3
2049,DOM,431.4,452.7,465.4,499.3,598.1,653,733.7,822.1,944.2
2049,Live,886.2,1062.6,1209.6,1315.1,1422.5,1557.1,1625,1676,1767.9
2049,Soil,2430.3,2437.7,2449.4,2469.7,2512.7,2528.2,2653.4,2689.9,2698.6
2050,DOM,424.4,448.5,461.3,494.9,590.7,644.9,717.3,804.9,924.5
2050,Live,943.5,1119,1233.7,1311.7,1431.8,1573.4,1619.5,1664.7,1708.8
2050,Soil,2419.9,2427.7,2441.5,2463.3,2509.1,2527.5,2652.4,2690.5,2699.2
2051,DOM,427.7,454.1,465.8,500.9,586.7,634.9,705.7,790.4,904.9
2051,Live,968.4,1139.7,1234.6,1307.2,1439.7,1586.2,1642,1693.4,1777.6
2051,Soil,2415.4,2423.6,2437.3,2460.1,2506,2528.5,2647.3,2686.6,2695.2
2052,DOM,420.9,443.9,458,500.9,582.8,631.2,697.3,776.3,888.5
2052,Live,950.2,1118.5,1214.1,1289.6,1423.4,1564.7,1615.7,1668.4,1752.6
2052,Soil,2409.7,2417.8,2432,2456,2503.4,2528.9,2647.4,2688,2697
2053,DOM,415.3,436.6,453.4,539.6,586.2,628.2,689.8,762.4,869
2053,Live,983.2,1130.8,1203.7,1280.7,1408.6,1542.8,1593.1,1639,1714.6
2053,Soil,2399.7,2408.3,2423.6,2450,2499.2,2527,2645.4,2687.4,2696.3
2054,DOM,422.5,445.3,462.5,537.1,582.6,623.7,685.7,752.8,856.1
2054,Live,1027.7,1137.5,1209.4,1274.8,1407.1,1545.3,1600.8,1644.3,1726.9
2054,Soil,2391.2,2399.6,2415,2444.9,2494.5,2523.4,2642.3,2685.6,2694.5
2055,DOM,439.9,466,486.6,529.3,582.2,618.2,682.6,749,845.1
2055,Live,1068.3,1183.6,1242,1304.2,1438,1576.3,1637.9,1692.5,1771.9
2055,Soil,2383.8,2392.3,2407.2,2439,2489.6,2518.9,2637.7,2682.5,2691.7
2056,DOM,446.9,481.6,503,537.7,595.8,636.9,710.1,755.5,843.6
2056,Live,1123,1217.2,1267.9,1327.2,1444.6,1559,1646.1,1704.3,1783.2
2056,Soil,2379.3,2387.6,2402.8,2433.2,2487.4,2516.5,2637.7,2684.4,2694.2
2057,DOM,449.7,486,512,548.8,599.4,633.9,708.1,743.6,816.9
2057,Live,1094.6,1177.1,1235.7,1291.2,1410.3,1536,1622.5,1678.2,1761.3
2057,Soil,2370.5,2378.9,2398,2426,2486.8,2518.6,2642,2690.3,2700.1
2058,DOM,449.3,485.4,511.4,549.6,594.3,625.6,700.3,735.2,804.6
2058,Live,1056.5,1145.4,1224,1287.7,1391.4,1501.5,1586.1,1643.1,1721.3
2058,Soil,2358.4,2368.2,2389.6,2416.8,2483,2519.6,2644.4,2694.2,2704.4
2059,DOM,447.6,479.8,507.4,548.2,588.3,622.1,688.6,722,786.6
2059,Live,1018.1,1103.7,1185.9,1253.8,1389.8,1549,1624.4,1679.9,1767.2
2059,Soil,2344.9,2355.8,2380.6,2407.1,2477.8,2522,2642.6,2694,2703.8
2060,DOM,454.6,490.6,516.6,548.2,584.2,615,676.7,710.4,772.4
2060,Live,1041.9,1129.9,1203,1264.6,1390.2,1538.4,1608.6,1662.6,1806
2060,Soil,2329.6,2341.5,2369.5,2396.9,2472.3,2526.6,2642.8,2695.4,2705.6
2061,DOM,450.3,482.6,512.3,549.4,579.4,607.4,661.7,691.8,753.7
2061,Live,1049.6,1137.9,1214.1,1277.9,1394.6,1527.6,1618,1681.5,1765.9
2061,Soil,2318.4,2330.3,2362,2390.3,2467.3,2531.6,2637.4,2691.6,2702
2062,DOM,460.9,489.3,514.8,539.3,572.6,604.6,646.1,676.5,738.2
2062,Live,1068.8,1154.9,1223.1,1283.6,1389,1511.3,1592.9,1651.3,1728.2
2062,Soil,2307.7,2319.6,2354.8,2385.2,2462.5,2529.1,2637.1,2692.4,2703
2063,DOM,464.2,490.9,514,534,569.6,604.9,636.3,664.4,722.8
2063,Live,1103.6,1170.4,1215,1267,1384.6,1507.9,1592.9,1658.5,1734.2
2063,Soil,2295.2,2307.5,2347.1,2381.5,2456.7,2523.8,2631.7,2688.2,2698.2
2064,DOM,467.9,495,511.9,528.8,568.9,605.2,642.5,681.4,750.4
2064,Live,983.9,1089.4,1164.3,1258.8,1380.4,1512,1591.1,1655.3,1722.7
2064,Soil,2281.1,2293.5,2339.5,2376,2450.9,2516.4,2625.7,2683.5,2693.4
2065,DOM,468.3,502.9,521.2,537.7,578.8,611.5,654.5,698.1,762.8
2065,Live,971.7,1068.5,1139.8,1241.8,1375.7,1518.4,1585,1645.9,1757.8
2065,Soil,2265.8,2278.5,2326.5,2370.4,2444.9,2510.5,2618.9,2678.4,2687.9
2066,DOM,473,508.9,527.7,544.6,581.5,610.8,659.4,709.2,783.1
2066,Live,937.3,1037.1,1096.5,1222.5,1360.8,1498.3,1561.7,1623.1,1723.7
2066,Soil,2253,2265.4,2315,2364.3,2440.1,2507.6,2613.2,2673.6,2683.1
2067,DOM,470.5,502.9,522,541,578.8,601.9,668.1,730.3,814.4
2067,Live,874,984.9,1071.6,1231.1,1363.7,1517.7,1587.2,1654.3,1713
2067,Soil,2240.6,2253.1,2303.7,2357.4,2434.3,2502,2606.2,2668.2,2677.4
2068,DOM,474,504.3,522.4,543.5,588.5,621.4,671.3,729.8,821.4
2068,Live,901.7,1007.1,1111.4,1264.9,1367.7,1483.5,1539.1,1606.4,1772.1
2068,Soil,2226.2,2238.9,2290,2350.8,2428.6,2495.6,2604.4,2668.2,2677.1
2069,DOM,476,504.3,520.9,540.9,593.2,631.8,697.5,749.8,837
2069,Live,886.2,986.1,1097.1,1236.6,1347.3,1467.6,1537.1,1609,1758.4
2069,Soil,2215.4,2228.6,2280.2,2345.8,2424.5,2489.4,2597.5,2662.7,2672.5
2070,DOM,461.1,495.3,512.2,536.4,595.6,636.3,723.3,791.2,878.8
2070,Live,859.4,975.5,1091.8,1249.3,1354.7,1477.1,1537.3,1602.5,1747.2
2070,Soil,2204.1,2217.1,2269.6,2337.6,2419.1,2485.1,2592.6,2658.9,2669.5
2071,DOM,459,490.9,507.4,530.4,596,642.8,744.7,808.3,902.8
2071,Live,813.8,933.3,1054.2,1269.1,1363.4,1491.7,1549.5,1611.9,1759
2071,Soil,2196.2,2209.1,2262.6,2330.2,2414.9,2484.2,2589.7,2656.9,2669.2
2072,DOM,449.1,482.7,500.2,522.9,591.2,649.9,740.6,793.4,884.5
2072,Live,818.8,941.2,1060.9,1279.2,1349.7,1463.3,1531.2,1599.9,1744.8
2072,Soil,2187.8,2201,2255.7,2324.8,2411.3,2481.8,2591.1,2659.6,2673
2073,DOM,453.5,485.1,501,521.3,587.7,641.8,731.5,785.8,874
2073,Live,769.2,891.8,1009.1,1277.1,1332.8,1449.5,1518.7,1578.5,1710
2073,Soil,2179.1,2192.4,2248.1,2318.4,2406.2,2477.5,2588.4,2658,2671.9
2074,DOM,448.7,479.3,494.6,513,579.2,635.9,720.2,772.8,856.6
2074,Live,832.6,956.4,1075.6,1314.1,1347.2,1437.1,1495.6,1556.5,1694.1
2074,Soil,2166.2,2179.3,2235.9,2313.3,2399.8,2473.5,2584.4,2655,2668.9
2075,DOM,436.7,468.4,485.1,507.5,574.8,630.5,713.8,764.4,843.6
2075,Live,853.4,974.7,1096,1324.5,1362.2,1453.8,1513.1,1569.8,1683.2
2075,Soil,2159.4,2172.7,2230.7,2310.4,2394.5,2467.1,2579.1,2650.9,2665
2076,DOM,433.2,463.7,478.4,497.4,567.5,622.9,700,749.9,824.5
2076,Live,850.3,973.4,1095.2,1309,1357.2,1455.7,1518.4,1574.3,1703.9
2076,Soil,2153.4,2166.8,2226,2307.7,2390.1,2463.9,2576.8,2650.1,2664.4
2077,DOM,431.2,466.8,481.5,496,563.3,618.7,692,735.9,807.8
2077,Live,879,1010,1131.4,1306.4,1380.8,1492.3,1578.3,1639.5,1756.7
2077,Soil,2144.6,2157.6,2217.9,2301.6,2383.6,2459.5,2573.3,2648.2,2662.5
2078,DOM,430,464.3,482.6,501.5,563.4,612.6,678.6,721.2,788.5
2078,Live,892.8,1022.5,1144.6,1301.9,1388,1507.7,1578.2,1640.2,1760.1
2078,Soil,2137.7,2150,2211.5,2295.5,2379.1,2457.5,2571.2,2647.3,2662
2079,DOM,421.8,456.1,475.8,499,557.7,601.2,662.2,703.6,768.3
2079,Live,941.2,1071.4,1184.8,1283.8,1383.4,1496.5,1566.1,1631.3,1766.3
2079,Soil,2129.4,2141.4,2203.5,2289.8,2374.5,2454.7,2566.3,2643.5,2658.2
2080,DOM,425.2,456.1,472.7,498.9,555.1,596.1,654,691,753.3
2080,Live,933.2,1061.5,1164.3,1282.3,1386.2,1506.3,1586,1648.5,1784.8
2080,Soil,2123.9,2135.5,2198.2,2281.8,2368.8,2446.5,2561.6,2639.6,2654.4
2081,DOM,417.1,445,459.7,488.4,545.2,589.7,644.3,678.3,738.3
2081,Live,920,1043.1,1133.3,1252.7,1383.1,1513,1605.8,1682.3,1847.9
2081,Soil,2114.9,2125.9,2189.6,2275.3,2363.7,2443.6,2557.7,2637.2,2651.6
2082,DOM,420.3,444.2,459.4,489,538.9,582.3,624.9,657.6,715.2
2082,Live,908.9,1029,1144.5,1281.7,1398.4,1532.6,1622.1,1701.1,1866.4
2082,Soil,2103.9,2114.7,2179.4,2266.5,2357.4,2439.1,2553.9,2634.9,2649
2083,DOM,408.2,436.8,454.2,479.6,535.8,588,619.7,648.7,697
2083,Live,918,1039.7,1134.3,1282.7,1390.4,1515.2,1586,1652.3,1800.7
2083,Soil,2090.5,2101.6,2166.7,2258.7,2351.8,2435.2,2549,2631.3,2644.6
2084,DOM,410.9,438.2,455.4,476.1,531.2,583.6,614.9,641,679.6
2084,Live,942.3,1061.8,1131.2,1246.2,1391.2,1521.7,1627.4,1712.6,1881.8
2084,Soil,2078,2088.6,2154.2,2252.8,2345.5,2429.1,2544.2,2627.8,2640.3
2085,DOM,414.5,438.7,454.6,476.6,536.7,592.7,619.3,648.8,772.9
2085,Live,995.5,1073.3,1129.1,1234.5,1385.2,1514.9,1631.9,1731.6,1898.2
2085,Soil,2066.5,2076.9,2143.3,2245.9,2339.3,2422.8,2541.6,2626.8,2638.5
2086,DOM,405.9,429.3,450.1,485,536.8,588.3,618.2,658.4,780.6
2086,Live,998.6,1074.9,1131.6,1221.6,1379.6,1519,1619,1707.5,1876.5
2086,Soil,2058.9,2069.2,2136.2,2238,2333.5,2419.7,2535.9,2621.9,2633.5
2087,DOM,392.1,419.2,440.3,483.2,543.2,597.6,632.4,665.7,773.9
2087,Live,950,1039.4,1113.7,1238.9,1386.6,1541.4,1606.4,1666.1,1810.1
2087,Soil,2050.5,2061.3,2129.1,2228.7,2326.8,2416.5,2530.6,2617.3,2628.8
2088,DOM,401.9,426.2,441.3,477.1,542.4,596.8,629.7,661,766.6
2088,Live,992.4,1084.6,1139,1231.7,1399.2,1551.6,1654.1,1745,1904.3
2088,Soil,2044.4,2055.8,2124.2,2222.8,2321.8,2414.3,2528.8,2616.7,2628.9
2089,DOM,410.3,437.5,453.2,482.8,541.2,589.7,623,656.8,751.2
2089,Live,987.9,1076.2,1146.5,1251.8,1417,1579,1693.9,1782.5,1940.3
2089,Soil,2034,2045.5,2114.6,2217.4,2318,2413.6,2524,2613.2,2625.3
2090,DOM,410,437,456.9,484.9,537.9,582.5,618,651.3,737.5
2090,Live,984.5,1067.3,1155.9,1262.9,1413.5,1564.2,1675.3,1753.8,1915.5
2090,Soil,2027.7,2039.9,2109.8,2217.3,2315.5,2414.3,2520,2610,2622.7
2091,DOM,412.8,440,459.6,486.2,532.4,572,606,638.7,716
2091,Live,1e3,1080.8,1155.6,1241.9,1402.3,1555.7,1673.5,1749.7,1903.9
2091,Soil,2023.5,2035.6,2106.2,2216.2,2311.8,2410.6,2516.4,2608,2620.5
2092,DOM,412.4,436.3,455.2,480.1,523.7,561.2,595.8,628.1,707.1
2092,Live,974.4,1055.5,1131.9,1215.7,1393.7,1549.6,1697.5,1797.4,1957.4
2092,Soil,2017.5,2029.5,2100.8,2210.6,2306.6,2406.1,2510.8,2603.3,2616
2093,DOM,401.2,425.7,444.7,480.6,519.2,558.9,588.3,617,697.5
2093,Live,967,1046.8,1124.8,1207.3,1386,1558.5,1682.2,1765.4,1920.3
2093,Soil,2007.4,2020.2,2092.2,2204.3,2300.6,2402.4,2504.4,2598.3,2611.3
2094,DOM,406.3,426.1,444.5,481.2,520.5,564.1,592.5,618.4,681.7
2094,Live,989,1068,1133.9,1213.5,1389.6,1557.6,1667.9,1743.3,1892.8
2094,Soil,1997.2,2010.4,2083,2196.5,2293.7,2399,2496.1,2591,2603.8
2095,DOM,405.6,427.5,446.8,480.8,524.3,573.9,603.5,630.2,677.8
2095,Live,938.6,1028.9,1114.4,1212.9,1385.6,1569.3,1680.1,1754.4,1896.8
2095,Soil,1986.2,1998.9,2072.1,2190.2,2287.7,2393.6,2493.4,2589,2601.7
2096,DOM,402,426.3,448.6,497.5,541,588.4,622.3,656.6,717.8
2096,Live,895.2,1001.7,1081.1,1169.2,1338,1514.7,1604.7,1674.5,1816
2096,Soil,1976.4,1989,2062.5,2184.3,2282.2,2388.9,2493.8,2590.8,2603.3
2097,DOM,403.3,425.7,447.6,490.9,543.6,590.7,636.7,686.6,751.3
2097,Live,879.3,980.7,1073,1182.3,1346.1,1521,1609.8,1679.7,1820.7
2097,Soil,1968,1980.9,2055.1,2178.1,2274.7,2379.8,2491.8,2590.1,2602.9
2098,DOM,398.8,423,443.8,483.4,543,589.2,651.3,709.5,790.7
2098,Live,864.4,966.6,1054.6,1165.3,1357.5,1550.2,1627.9,1694.9,1812.4
2098,Soil,1961.4,1974.6,2049.5,2173.3,2268.8,2369.1,2489.5,2588.7,2602.2
2099,DOM,402.3,426.9,444.6,479.9,541.2,585.1,656.8,714.7,784.2
2099,Live,871.1,975.2,1067.8,1185.6,1360.5,1538.3,1640.5,1717.4,1845.2
2099,Soil,1955.1,1967.7,2043.6,2167.1,2263.6,2364.4,2489.9,2590.5,2604
2100,DOM,394.4,419.7,436.6,472.6,536,580.1,658.5,717.8,782.2
2100,Live,878.2,980.1,1069.1,1199.5,1368.4,1531.9,1655.1,1742.3,1868
2100,Soil,1947.1,1960.9,2037.8,2166.7,2258.6,2359.6,2486.2,2587.9,2601.6
