GCM,RCP,CFE,Source,Timestep,Mean,Lower,Upper,Mean2,Mean10
CanESM2,rcp45,Medium,LUCAS CFE,2006,170.6048877059035,170.45622412547,170.70965725304063,1.2102147941212915,NA
CanESM2,rcp45,Medium,LUCAS CFE,2007,109.84608107157695,109.77779673676652,109.91116800385757,0.7792118630166837,NA
CanESM2,rcp45,Medium,LUCAS CFE,2008,140.89004027893606,140.78532451466845,140.973574264314,0.9994274688298566,NA
CanESM2,rcp45,Medium,LUCAS CFE,2009,135.39434544956953,135.26605990551008,135.48525216602323,0.9604428226341362,NA
CanESM2,rcp45,Medium,LUCAS CFE,2010,214.37730225462394,214.13966162035103,214.63697162440462,1.5207218632539798,140.9707504276344
CanESM2,rcp45,Medium,LUCAS CFE,2011,148.145395876194,147.95546231416725,148.33696354827626,1.0508945680348252,142.52887882697843
CanESM2,rcp45,Medium,LUCAS CFE,2012,160.21725204822332,159.99616477887656,160.42722596093273,1.1365283334465108,141.1127832160013
CanESM2,rcp45,Medium,LUCAS CFE,2013,65.62958863042338,65.54228141278668,65.70131684871737,0.4655546518078127,140.06426651361866
CanESM2,rcp45,Medium,LUCAS CFE,2014,147.20180897733556,146.95666497774948,147.41659563383672,1.0442010738454557,145.3960382721288
CanESM2,rcp45,Medium,LUCAS CFE,2015,117.4008019835577,117.2525029274739,117.52590439358147,0.8328025610094483,140.80472651511496
CanESM2,rcp45,Medium,LUCAS CFE,2016,186.18617169934396,185.80093816937742,186.5461616450445,1.3207432828054666,143.4042237027208
CanESM2,rcp45,Medium,LUCAS CFE,2017,95.68512496180544,95.49717817407641,95.86164763015665,0.6787587118004613,145.82438135055804
CanESM2,rcp45,Medium,LUCAS CFE,2018,130.4048732551097,130.1334318926469,130.6999601933681,0.925049152817353,154.65907555296707
CanESM2,rcp45,Medium,LUCAS CFE,2019,188.71206303467113,188.37022926699257,189.15622833867099,1.3386611226954075,153.02170919872395
CanESM2,rcp45,Medium,LUCAS CFE,2020,168.46418468448547,168.0983943057933,168.87043517435885,1.195029353064021,160.38493419605007
CanESM2,rcp45,Medium,LUCAS CFE,2021,174.1403677522524,173.75214405511366,174.57255238961633,1.2352943232833624,157.64993385029575
CanESM2,rcp45,Medium,LUCAS CFE,2022,184.41882852659552,183.04002907301162,186.13476671221866,1.3082063333504397,159.90327050153184
CanESM2,rcp45,Medium,LUCAS CFE,2023,153.97653065451382,152.92444745207854,155.34783908151127,1.092258714573246,161.84596568261492
CanESM2,rcp45,Medium,LUCAS CFE,2024,130.82814543490449,129.59633090315918,132.08217795823762,0.9280517060314829,160.1183042703382
CanESM2,rcp45,Medium,LUCAS CFE,2025,191.03305195681858,189.69979505515735,192.47020856621074,1.3551254524596084,160.82962909706018
CanESM2,rcp45,Medium,LUCAS CFE,2026,158.83616824180092,157.38105581941284,160.8441530930624,1.1267313805166805,163.10322785745706
CanESM2,rcp45,Medium,LUCAS CFE,2027,118.21849147416609,116.78983955611562,119.82603755208729,0.8386029805158206,155.63067280984694
CanESM2,rcp45,Medium,LUCAS CFE,2028,149.8318250659407,148.18147924722197,151.89520821723607,1.0628575403864013,152.9330056143569
CanESM2,rcp45,Medium,LUCAS CFE,2029,171.43544891190393,169.98209205294876,173.3961117735541,1.216106521330524,157.4330692954917
CanESM2,rcp45,Medium,LUCAS CFE,2030,175.57743295170533,174.1030042663736,177.74452827264355,1.2454883897481688,149.1312529014297
CanESM2,rcp45,Medium,LUCAS CFE,2031,196.87635535622107,195.4300409497274,198.90883290599714,1.3965759191817961,150.04313529701645
CanESM2,rcp45,Medium,LUCAS CFE,2032,109.69327805049447,108.35687712097719,111.27701176774983,0.7781279287918963,149.47047024555883
CanESM2,rcp45,Medium,LUCAS CFE,2033,126.99985869961301,125.67974526782814,128.1763415306513,0.9008951028093366,149.51006608575648
CanESM2,rcp45,Medium,LUCAS CFE,2034,175.82878224625276,174.28671381864365,176.84993313095072,1.2472713787284002,149.4903627611946
CanESM2,rcp45,Medium,LUCAS CFE,2035,108.01488801619846,106.73472993367578,108.96210482385304,0.766221983557125,149.95366341980846
CanESM2,rcp45,Medium,LUCAS CFE,2036,167.95499219766856,166.81144664163378,168.88877936733576,1.1914173095353295,152.74089211002618
CanESM2,rcp45,Medium,LUCAS CFE,2037,112.4918409595897,111.67010335370497,113.18728193705877,0.7979800108770507,159.92701082095863
CanESM2,rcp45,Medium,LUCAS CFE,2038,150.22778346791745,149.32746499576103,150.99432688035048,1.0656663386709788,166.1706001427684
CanESM2,rcp45,Medium,LUCAS CFE,2039,171.23841566628494,170.4662853750384,172.02394405024737,1.214708832483573,162.7570885242889
CanESM2,rcp45,Medium,LUCAS CFE,2040,180.2104395378441,179.5381668311375,181.0333545454821,1.2783534101306564,167.40722268334872
CanESM2,rcp45,Medium,LUCAS CFE,2041,224.74864225839823,223.89714792793683,225.68835490096615,1.594292727935574,163.35354874511884
CanESM2,rcp45,Medium,LUCAS CFE,2042,181.5544651598189,180.89737289304793,182.22384481436063,1.2878874845247963,169.36120169104404
CanESM2,rcp45,Medium,LUCAS CFE,2043,189.4357519177108,188.3673112772247,190.608908709984,1.343794732900676,168.51584315682652
CanESM2,rcp45,Medium,LUCAS CFE,2044,141.69366606145763,140.12548739075302,143.54014794047197,1.0051281250304074,165.53708291060173
CanESM2,rcp45,Medium,LUCAS CFE,2045,154.51622960679663,153.07263741810175,156.63755080501699,1.0960871609044576,161.3058473768331
CanESM2,rcp45,Medium,LUCAS CFE,2046,127.41825281536978,125.25651788153158,129.68968902500373,0.90386305264636,152.51797999498768
CanESM2,rcp45,Medium,LUCAS CFE,2047,172.56837041884188,170.31484642732556,174.7009081477957,1.2241430927717714,150.20769357650823
CanESM2,rcp45,Medium,LUCAS CFE,2048,141.77419812574226,139.4244580839856,143.7995648605207,1.0056993929284666,146.02319925721918
CanESM2,rcp45,Medium,LUCAS CFE,2049,141.45081320403688,139.200224812363,143.23726343418497,1.0034054069723415,148.46193075594343
CanESM2,rcp45,Medium,LUCAS CFE,2050,137.89808420015774,135.92134903825206,139.48555680520315,0.9782035193956496,155.025666362264
CanESM2,rcp45,Medium,LUCAS CFE,2051,136.86996843994436,134.86403713776537,138.61337201615652,0.9709104053482703,164.56654912167934
CanESM2,rcp45,Medium,LUCAS CFE,2052,158.4516009750244,156.5593086182415,160.05043271041478,1.1240033871874975,159.63473525237683
CanESM2,rcp45,Medium,LUCAS CFE,2053,147.59080872482014,145.82238782314627,149.3005352844313,1.0469605097305918,164.64678737715064
CanESM2,rcp45,Medium,LUCAS CFE,2054,166.08098104870007,163.99948347361646,167.88320167151466,1.1781236926447072,161.85074996853083
CanESM2,rcp45,Medium,LUCAS CFE,2055,220.15358567000234,217.62184837812566,222.45711316817926,1.5616969123181017,162.71066104710783
CanESM2,rcp45,Medium,LUCAS CFE,2056,222.82708040952326,219.9595280441638,224.8089432420146,1.580661802065875,166.99579338358953
CanESM2,rcp45,Medium,LUCAS CFE,2057,123.25023172581658,121.76347585139428,124.48468777528373,0.8742964859868968,167.17166256105165
CanESM2,rcp45,Medium,LUCAS CFE,2058,191.89471937348063,190.00723855119548,193.85072878927082,1.361237836865935,172.39262123983386
CanESM2,rcp45,Medium,LUCAS CFE,2059,113.49043911783873,112.15315658644417,114.53784946410593,0.805063736793383,177.7880991991447
CanESM2,rcp45,Medium,LUCAS CFE,2060,146.49719498592762,144.95119511280615,147.91138559642292,1.0392027746289836,174.11819208039324
CanESM2,rcp45,Medium,LUCAS CFE,2061,179.72129180476153,178.21419317182531,181.82852750050446,1.2748835574725785,173.00169689659995
CanESM2,rcp45,Medium,LUCAS CFE,2062,160.2102927496456,158.8739404181968,161.97247280217664,1.136478966478139,178.95464013332182
CanESM2,rcp45,Medium,LUCAS CFE,2063,199.80039551264218,198.2514778220705,202.0681670904254,1.4173180954669549,179.67853956803958
CanESM2,rcp45,Medium,LUCAS CFE,2064,220.0357606418085,218.54464438347185,222.34292253691916,1.5608611004363007,178.0216339229696
CanESM2,rcp45,Medium,LUCAS CFE,2065,183.45451448248758,181.83643299766865,185.34776879970178,1.301365807630156,183.84874852465748
CanESM2,rcp45,Medium,LUCAS CFE,2066,211.66212857159036,210.00969331927354,214.10577918605318,1.5014613168300082,184.37695767365202
CanESM2,rcp45,Medium,LUCAS CFE,2067,182.7796640930354,181.41841385873383,184.8919509407494,1.2965786415875193,179.32316538072
CanESM2,rcp45,Medium,LUCAS CFE,2068,199.1337137206583,197.59767529454123,200.97742034760802,1.4125888747600954,173.79750539258663
CanESM2,rcp45,Medium,LUCAS CFE,2069,96.92138266713904,96.22442426927235,97.55532356476633,0.6875283161445073,169.12759061492116
CanESM2,rcp45,Medium,LUCAS CFE,2070,204.7683410028063,203.11690364959517,206.2725075258454,1.452559061944709,171.7857099590923
CanESM2,rcp45,Medium,LUCAS CFE,2071,185.00338329470668,183.5832063651588,186.059016261848,1.3123529720420684,168.6408406516272
CanESM2,rcp45,Medium,LUCAS CFE,2072,109.67236982032559,108.96442218881911,110.12368892570107,0.7779796127043004,169.01132531189896
CanESM2,rcp45,Medium,LUCAS CFE,2073,144.54379563130834,143.6620403934566,145.45165316106625,1.0253460039961135,174.0125111526348
CanESM2,rcp45,Medium,LUCAS CFE,2074,173.33661286515385,172.47659680203384,174.46851799989903,1.229592751257532,185.0204619936807
CanESM2,rcp45,Medium,LUCAS CFE,2075,210.03570792419902,208.8975307512693,211.4926182535536,1.4899240252822397,176.87077672268055
CanESM2,rcp45,Medium,LUCAS CFE,2076,180.21343549693927,179.1085672794722,181.2640947932034,1.2783746624761683,176.83608506976515
CanESM2,rcp45,Medium,LUCAS CFE,2077,186.48451069575322,184.58706167057963,188.48972990611063,1.3228596012297087,189.17050553686605
CanESM2,rcp45,Medium,LUCAS CFE,2078,249.1455721280166,246.8914648484889,251.48225778326093,1.7673565003536846,186.63283070150277
CanESM2,rcp45,Medium,LUCAS CFE,2079,207.00089107759794,204.94904671864344,208.74435717400786,1.4683960357000392,185.4761575600114
CanESM2,rcp45,Medium,LUCAS CFE,2080,123.27148829280495,122.20606545598137,124.27506287853976,0.8744472730609806,186.30384188553924
CanESM2,rcp45,Medium,LUCAS CFE,2081,184.65646676555272,183.3766192181729,186.03118855645403,1.309892060625327,184.47196461749442
CanESM2,rcp45,Medium,LUCAS CFE,2082,233.0165744913344,231.539233408323,234.62532807377403,1.6529427117645275,189.91345760347576
CanESM2,rcp45,Medium,LUCAS CFE,2083,119.16704727767552,118.30059772049158,120.38387010224787,0.8453317224756385,183.33515796713283
CanESM2,rcp45,Medium,LUCAS CFE,2084,161.7698814502402,160.49631893076923,162.96607809856232,1.1475421742419027,178.43438549950463
CanESM2,rcp45,Medium,LUCAS CFE,2085,218.31255117947737,216.5769897128534,219.80956055689506,1.5486372209641137,176.162123310845
CanESM2,rcp45,Medium,LUCAS CFE,2086,161.89466281649115,160.74054446885884,163.26068899188942,1.1484273320911191,170.68204425698974
CanESM2,rcp45,Medium,LUCAS CFE,2087,240.89944055556674,239.50559048657334,242.5315930007496,1.7088611632186035,167.7772854432719
CanESM2,rcp45,Medium,LUCAS CFE,2088,183.362575764587,182.24937048891144,184.58103699548013,1.3007136246941804,175.72651740378325
CanESM2,rcp45,Medium,LUCAS CFE,2089,157.99316640131616,156.9886186094195,159.1129013370844,1.1207514035503416,175.8189525091212
CanESM2,rcp45,Medium,LUCAS CFE,2090,100.54886640620876,99.78992237957277,101.4234174243541,0.7132604891524947,165.879319860461
CanESM2,rcp45,Medium,LUCAS CFE,2091,129.85567622700006,128.97498391473488,130.8978651099892,0.9211533302694582,161.91679953443276
CanESM2,rcp45,Medium,LUCAS CFE,2092,203.96898635415582,203.00276807529588,205.04112879164646,1.4468887037588751,155.76293051176162
CanESM2,rcp45,Medium,LUCAS CFE,2093,198.65936688278916,197.6613617644123,199.92107382729495,1.4092240147701314,158.984470143825
CanESM2,rcp45,Medium,LUCAS CFE,2094,162.6942325036197,161.92152114673382,163.77925620909156,1.1540992156889793,157.77794286877446
CanESM2,rcp45,Medium,LUCAS CFE,2095,118.91622469287539,118.03119526488345,119.47413251380374,0.8435524698006029,164.11202881031366
CanESM2,rcp45,Medium,LUCAS CFE,2096,122.2694595562085,121.55183019663423,122.78848792656217,0.8673392117535335,NA
CanESM2,rcp45,Medium,LUCAS CFE,2097,179.3607503288557,178.38107016643096,180.14518708043673,1.2723259951781865,NA
CanESM2,rcp45,Medium,LUCAS CFE,2098,215.57797208522072,214.2416257313785,216.73743067717044,1.5292390189543967,NA
CanESM2,rcp45,Medium,LUCAS CFE,2099,145.92789365081052,144.88031838743004,146.66920958335555,1.035164338759201,NA
CanESM2,rcp45,Medium,LUCAS CFE,2100,163.8897258216008,162.61025693025283,164.63436006451303,1.1625796509165325,NA
CanESM2,rcp85,Medium,LUCAS CFE,2006,170.61314078793643,170.49426378836728,170.75155857632325,1.2103119172432388,NA
CanESM2,rcp85,Medium,LUCAS CFE,2007,109.84225500069647,109.79097894250694,109.91188926716768,0.7792095593003334,NA
CanESM2,rcp85,Medium,LUCAS CFE,2008,140.88908345487295,140.8004905697556,140.99538400030053,0.9994525388103455,NA
CanESM2,rcp85,Medium,LUCAS CFE,2009,135.38219031707453,135.27475737336596,135.5087244601051,0.9603872103082064,NA
CanESM2,rcp85,Medium,LUCAS CFE,2010,214.3637683000702,214.22714118976532,214.53080532525797,1.5206743290730638,140.9662570096366
CanESM2,rcp85,Medium,LUCAS CFE,2011,148.15331595334115,148.0284967030319,148.32320934523875,1.0509842503884688,134.93540844675601
CanESM2,rcp85,Medium,LUCAS CFE,2012,160.21216382496584,160.05108414025418,160.38948058648245,1.13652846591517,134.5874150661544
CanESM2,rcp85,Medium,LUCAS CFE,2013,65.63463528813932,65.58410287460543,65.70180375652285,0.4656052922200557,137.71895452425835
CanESM2,rcp85,Medium,LUCAS CFE,2014,147.17799179104495,147.05678432027685,147.3408067753967,1.0440654019847013,144.93811131258275
CanESM2,rcp85,Medium,LUCAS CFE,2015,117.39402537822414,117.29764813576475,117.50425914600812,0.8327810347564167,146.69232578452198
CanESM2,rcp85,Medium,LUCAS CFE,2016,110.30465515913072,110.19153441659988,110.46394268100428,0.782489778043764,143.32797172470066
CanESM2,rcp85,Medium,LUCAS CFE,2017,106.36232119468016,106.20787166859088,106.60009368357001,0.7545232699723958,136.27754252035407
CanESM2,rcp85,Medium,LUCAS CFE,2018,172.20447803591253,171.77049464886443,172.65162136173157,1.2216006985568217,146.6496406945811
CanESM2,rcp85,Medium,LUCAS CFE,2019,207.5737582003184,207.0403602422269,208.00489985960078,1.4725067019842093,155.16500979937743
CanESM2,rcp85,Medium,LUCAS CFE,2020,231.9059130194625,231.2553819626523,232.38963116212645,1.6451164834688714,162.7526162575628
CanESM2,rcp85,Medium,LUCAS CFE,2021,114.50977535512806,114.26755964399291,114.80574734017004,0.8123204643739675,169.25115175082522
CanESM2,rcp85,Medium,LUCAS CFE,2022,89.70787178149999,88.12545502369397,91.24712475856346,0.6363783339680181,167.61843001578717
CanESM2,rcp85,Medium,LUCAS CFE,2023,169.35561703040966,167.54938435988453,171.38708000353063,1.2013911741930718,165.1894364721719
CanESM2,rcp85,Medium,LUCAS CFE,2024,232.33168283900827,230.22943535602874,234.82045814831287,1.6481368503891385,157.89763348657252
CanESM2,rcp85,Medium,LUCAS CFE,2025,193.27008996007774,191.47491527463168,195.4792612850005,1.3710379636941457,146.1510602174915
CanESM2,rcp85,Medium,LUCAS CFE,2026,175.29001009175497,172.91350512972565,177.4443936048508,1.2434891427937393,147.4405385599626
CanESM2,rcp85,Medium,LUCAS CFE,2027,90.03510384429954,87.91119171925075,91.42557240347577,0.6386996842666018,157.765046640634
CanESM2,rcp85,Medium,LUCAS CFE,2028,147.91454259976007,144.9650149294022,149.67860803623788,1.0492904169942492,155.56607754922152
CanESM2,rcp85,Medium,LUCAS CFE,2029,134.65572834432444,132.48116889672102,136.00334989396328,0.9552337644541363,149.0922069031215
CanESM2,rcp85,Medium,LUCAS CFE,2030,114.44018032865222,111.98204542709064,115.96105602264717,0.8118267644776082,145.57631572931518
CanESM2,rcp85,Medium,LUCAS CFE,2031,127.40455877983918,125.35394007421291,128.8869724911745,0.9037947199742253,146.89747047154725
CanESM2,rcp85,Medium,LUCAS CFE,2032,192.95295258821386,190.4443302110146,194.84727281928568,1.3687882240855938,147.44089663967918
CanESM2,rcp85,Medium,LUCAS CFE,2033,147.36592611628507,145.0653583719399,148.98098980476948,1.0453985885871324,148.69200172648507
CanESM2,rcp85,Medium,LUCAS CFE,2034,167.592976378008,165.62885412367677,169.03507586291764,1.188887184303625,152.8389722868813
CanESM2,rcp85,Medium,LUCAS CFE,2035,158.11117822201447,156.4406108420771,159.57343721589467,1.1216242920545576,164.39484033966272
CanESM2,rcp85,Medium,LUCAS CFE,2036,188.50155751407573,186.97150089113194,189.98738339384005,1.3372104893243322,168.5052767518195
CanESM2,rcp85,Medium,LUCAS CFE,2037,95.46936552561884,94.30706336807913,96.4780314506703,0.6772497727530103,164.96929424645745
CanESM2,rcp85,Medium,LUCAS CFE,2038,160.42559346781889,159.23531769027977,161.53061891538138,1.1380425136552503,174.12123416619977
CanESM2,rcp85,Medium,LUCAS CFE,2039,176.125433948287,174.95140970193395,177.36697292178343,1.2494155529450348,174.0727628218297
CanESM2,rcp85,Medium,LUCAS CFE,2040,229.99886085646637,228.99351577111153,230.86764225860856,1.6315880533079872,180.20244102132602
CanESM2,rcp85,Medium,LUCAS CFE,2041,168.50892290140712,167.6117146305857,169.49828798012476,1.1953848138983196,175.81828078882606
CanESM2,rcp85,Medium,LUCAS CFE,2042,157.59312753459324,156.80425365515654,158.34139229130312,1.1179492942330165,183.11935878930308
CanESM2,rcp85,Medium,LUCAS CFE,2043,238.88532531370814,237.51525244508025,240.43337909109678,1.694627710072331,182.69726258711415
CanESM2,rcp85,Medium,LUCAS CFE,2044,167.1082629343072,165.83574020203923,168.76601876533465,1.1854486774298298,179.43150275458862
CanESM2,rcp85,Medium,LUCAS CFE,2045,219.4079602169779,218.01417680908077,221.1352669337191,1.5564573031259457,178.51215730710206
CanESM2,rcp85,Medium,LUCAS CFE,2046,144.65995518907607,142.64853623705608,146.48879435471576,1.0262027116119496,181.89246481791423
CanESM2,rcp85,Medium,LUCAS CFE,2047,168.4801455303889,166.29467340044687,170.73150751018542,1.1951806702143721,180.5889908835534
CanESM2,rcp85,Medium,LUCAS CFE,2048,156.2046314459296,154.23255513857185,158.3214191544555,1.1080994470559808,176.25028940074105
CanESM2,rcp85,Medium,LUCAS CFE,2049,143.46783562303193,141.52471812118478,145.5425305383559,1.0177459391095582,182.06664643444486
CanESM2,rcp85,Medium,LUCAS CFE,2050,220.8054063816005,218.69097801413574,222.94896899289958,1.5663706412131382,183.67616649543703
CanESM2,rcp85,Medium,LUCAS CFE,2051,202.31199800952874,200.18313461024857,204.68074007861998,1.4351803211721688,194.08287236715336
CanESM2,rcp85,Medium,LUCAS CFE,2052,144.5583881909851,143.0289535977001,146.07101260718503,1.025482205866493,198.79838782388128
CanESM2,rcp85,Medium,LUCAS CFE,2053,195.4983104855846,193.05386727452844,197.46145851843937,1.3868447288929586,207.4080137256169
CanESM2,rcp85,Medium,LUCAS CFE,2054,225.27183327134543,223.10396195835042,227.65610165467888,1.5980550101145525,222.1644218792579
CanESM2,rcp85,Medium,LUCAS CFE,2055,235.5031608268995,233.2151730613613,237.98278519960076,1.6706349861499143,226.51624118929112
CanESM2,rcp85,Medium,LUCAS CFE,2056,248.72701390623922,246.4039689266051,251.21206835512828,1.7644436277345152,219.89148474131503
CanESM2,rcp85,Medium,LUCAS CFE,2057,215.63530009766822,213.40663316541986,218.70364332261323,1.5296944437059656,218.39309070724272
CanESM2,rcp85,Medium,LUCAS CFE,2058,242.30089046328598,239.8260156128503,245.73924824212776,1.718857374830645,208.93584297164625
CanESM2,rcp85,Medium,LUCAS CFE,2059,291.03191715944183,288.338084286509,295.30606014122503,2.064550221685652,207.6798654185117
CanESM2,rcp85,Medium,LUCAS CFE,2060,264.3235994819328,261.89941700196886,267.8997182211475,1.8750841874439736,213.64880039011555
CanESM2,rcp85,Medium,LUCAS CFE,2061,136.06443352976757,134.77869293015328,137.550761939643,0.9652269728667483,205.89702930564658
CanESM2,rcp85,Medium,LUCAS CFE,2062,129.57444785026206,128.05535512133378,130.95965253031687,0.9191876878833792,200.2625436449736
CanESM2,rcp85,Medium,LUCAS CFE,2063,100.92583312961999,100.15792602040796,102.07279069024523,0.715957387750748,204.44257405083937
CanESM2,rcp85,Medium,LUCAS CFE,2064,212.71205773999975,211.11453142634767,214.67198199381713,1.5089572657480617,197.6762406306955
CanESM2,rcp85,Medium,LUCAS CFE,2065,295.1925105429381,292.4497761321493,297.6483562089956,2.0940650394282545,192.4792639347826
CanESM2,rcp85,Medium,LUCAS CFE,2066,171.20930306154966,169.72239103590317,173.14261703522442,1.2145410305520534,200.71596765538362
CanESM2,rcp85,Medium,LUCAS CFE,2067,159.2904434909381,157.94982805781177,160.93966536672968,1.1299898775069896,207.2202503816769
CanESM2,rcp85,Medium,LUCAS CFE,2068,284.10119452194397,281.30256411994094,287.1100913312341,2.0153843944549266,212.66425475373757
CanESM2,rcp85,Medium,LUCAS CFE,2069,223.36858295800315,221.29634361139563,225.50428731283344,1.5845535498806176,207.87733694193236
CanESM2,rcp85,Medium,LUCAS CFE,2070,212.35383252280363,210.3949246308569,214.30640806652238,1.506416053228163,195.75605372512
CanESM2,rcp85,Medium,LUCAS CFE,2071,218.43147073577805,216.59734824593562,220.39420496103153,1.549530188070794,200.67551455110862
CanESM2,rcp85,Medium,LUCAS CFE,2072,194.61727511319464,193.06325184707634,195.96853467227152,1.3805947553810016,215.59578094623322
CanESM2,rcp85,Medium,LUCAS CFE,2073,155.3658768502268,154.4562180697202,156.28946076543215,1.102149408986619,212.87999768577055
CanESM2,rcp85,Medium,LUCAS CFE,2074,164.8428796219474,163.47321592253402,165.90635647524095,1.1693782832772426,207.4205028313291
CanESM2,rcp85,Medium,LUCAS CFE,2075,173.97967837481463,172.32332470313315,175.15961719243447,1.234193785559059,216.42817692891344
CanESM2,rcp85,Medium,LUCAS CFE,2076,220.4039113214359,217.90431786803748,221.68024544468318,1.5635224769170744,228.427877608501
CanESM2,rcp85,Medium,LUCAS CFE,2077,308.4931074421839,304.18036410375635,311.2500925456013,2.1884180937080213,236.86406721561397
CanESM2,rcp85,Medium,LUCAS CFE,2078,256.9433619173175,253.9573086779568,259.3538259677109,1.8227295479637555,235.98073875776618
CanESM2,rcp85,Medium,LUCAS CFE,2079,168.77363441358835,166.92421919285158,170.20616649534477,1.197262649898201,251.6295497328721
CanESM2,rcp85,Medium,LUCAS CFE,2080,302.4305734986475,299.37358993421583,304.8754435964471,2.145411106985504,261.8031648291825
CanESM2,rcp85,Medium,LUCAS CFE,2081,338.4284775316534,335.4203488590308,341.13276527562255,2.400776502908197,260.3027407638334
CanESM2,rcp85,Medium,LUCAS CFE,2082,278.97917118432423,276.06505060579764,281.7068896177194,1.979049292379615,243.61983490391586
CanESM2,rcp85,Medium,LUCAS CFE,2083,146.53259227174897,145.05729562211044,148.27907730486112,1.039487004764068,252.9428788417344
CanESM2,rcp85,Medium,LUCAS CFE,2084,321.3309893730068,318.7089552359909,324.45427733497445,2.279488696014964,267.3403605995421
CanESM2,rcp85,Medium,LUCAS CFE,2085,275.71582933791836,273.6288193695654,278.4784549750129,1.9558994839387,258.31449528598665
CanESM2,rcp85,Medium,LUCAS CFE,2086,205.39967066794506,203.89845642136657,207.42093628135922,1.457083950621628,246.96154365107427
CanESM2,rcp85,Medium,LUCAS CFE,2087,141.66404884300854,140.5351946862076,143.22568304887395,1.0049500628602506,251.67960715846863
CanESM2,rcp85,Medium,LUCAS CFE,2088,350.17380129550304,347.3507021684899,353.39550079827904,2.484096610946865,258.3886764793358
CanESM2,rcp85,Medium,LUCAS CFE,2089,312.74845199166504,310.5365383365416,315.1837612483962,2.218605066390358,247.7825441683382
CanESM2,rcp85,Medium,LUCAS CFE,2090,212.17192036309316,210.55401795889864,213.88428711894608,1.505125587243115,244.8245694849505
CanESM2,rcp85,Medium,LUCAS CFE,2091,224.89896118252943,223.23728930642295,226.5944980919325,1.595409894207201,236.74957027609338
CanESM2,rcp85,Medium,LUCAS CFE,2092,326.15980625826774,323.7433940546905,328.7333896054149,2.3137438219415243,244.3477875026063
CanESM2,rcp85,Medium,LUCAS CFE,2093,213.62328548042083,212.16003779036103,215.0786912192533,1.5154214207859498,237.98214557083975
CanESM2,rcp85,Medium,LUCAS CFE,2094,215.269666263031,213.65252465354425,216.5124943680877,1.5271006752226879,236.75329819981556
CanESM2,rcp85,Medium,LUCAS CFE,2095,246.13608250404127,244.46250584629524,247.569922970207,1.7460638292127963,246.79238450773437
CanESM2,rcp85,Medium,LUCAS CFE,2096,124.6496785793741,123.81811615668241,125.47651638489245,0.8842518856895869,NA
CanESM2,rcp85,Medium,LUCAS CFE,2097,217.64622110813718,216.23632622100664,219.13865416708495,1.5439597086929724,NA
CanESM2,rcp85,Medium,LUCAS CFE,2098,286.51738197783766,284.69943763243725,288.5278387204537,2.032524577553698,NA
CanESM2,rcp85,Medium,LUCAS CFE,2099,300.45997828142333,298.8256125515539,302.16304412045446,2.1314319089914093,NA
CanESM2,rcp85,Medium,LUCAS CFE,2100,312.5627834422813,310.81342782419176,314.41680262453065,2.2172879529667457,NA
CanESM2,rcp45,None,LUCAS,2006,168.6,168.5,168.8,1.2244897959183674,NA
CanESM2,rcp45,None,LUCAS,2007,108.3,108.1,108.3,0.786549495242937,NA
CanESM2,rcp45,None,LUCAS,2008,138.5,138.4,138.6,1.0058827801583268,NA
CanESM2,rcp45,None,LUCAS,2009,132.6,132.4,132.7,0.9630328999927373,NA
CanESM2,rcp45,None,LUCAS,2010,209.4,209.1,209.6,1.520807611300748,137.69
CanESM2,rcp45,None,LUCAS,2011,144.4,144.2,144.6,1.0487326603239162,138.73000000000002
CanESM2,rcp45,None,LUCAS,2012,155.9,155.7,156.1,1.132253613189048,137.06
CanESM2,rcp45,None,LUCAS,2013,63.7,63.6,63.8,0.4626334519572954,135.71
CanESM2,rcp45,None,LUCAS,2014,142.4,142,142.6,1.0342072772169366,140.52
CanESM2,rcp45,None,LUCAS,2015,113.1,112.9,113.4,0.8214104146996877,135.68
CanESM2,rcp45,None,LUCAS,2016,179,178.6,179.5,1.3000217880746605,137.86
CanESM2,rcp45,None,LUCAS,2017,91.6,91.3,92,0.6652625462996586,139.84
CanESM2,rcp45,None,LUCAS,2018,125,124.5,125.5,0.9078364441862155,148.1
CanESM2,rcp45,None,LUCAS,2019,180.7,180,181.3,1.312368363715593,146.28
CanESM2,rcp45,None,LUCAS,2020,161,160.4,161.6,1.1692933401118455,153.09
CanESM2,rcp45,None,LUCAS,2021,166.2,165.6,166.9,1.207059336189992,150.22
CanESM2,rcp45,None,LUCAS,2022,175.7,172.3,178.8,1.2760549059481443,152.22
CanESM2,rcp45,None,LUCAS,2023,146.3,143.3,149.1,1.0625317742755467,153.85
CanESM2,rcp45,None,LUCAS,2024,124.2,120.9,127,0.9020262909434237,151.92000000000002
CanESM2,rcp45,None,LUCAS,2025,181.2,176.5,185.1,1.315999709492338,152.32
CanESM2,rcp45,None,LUCAS,2026,150.3,145.6,153.9,1.0915825404895054,154.19
CanESM2,rcp45,None,LUCAS,2027,111.6,107.7,114.7,0.8105163773694531,146.89000000000001
CanESM2,rcp45,None,LUCAS,2028,141.3,137,145.5,1.026218316508098,144.14000000000001
CanESM2,rcp45,None,LUCAS,2029,161.4,157.2,165.4,1.1721984167332413,148.14000000000001
CanESM2,rcp45,None,LUCAS,2030,165,160.5,169.4,1.1983441063258045,140.08
CanESM2,rcp45,None,LUCAS,2031,184.9,180.3,189,1.34287166824025,140.66000000000003
CanESM2,rcp45,None,LUCAS,2032,102.7,99.4,105.9,0.7458784225433946,139.93
CanESM2,rcp45,None,LUCAS,2033,118.8,115.9,121.6,0.8628077565545791,139.71
CanESM2,rcp45,None,LUCAS,2034,164.2,161,167.5,1.1925339530830126,139.4
CanESM2,rcp45,None,LUCAS,2035,100.6,98.2,103,0.7306267702810662,139.51000000000002
CanESM2,rcp45,None,LUCAS,2036,156.1,153.5,159,1.1337061514997457,141.7
CanESM2,rcp45,None,LUCAS,2037,104.3,102.7,106.2,0.7574987290289781,148.1
CanESM2,rcp45,None,LUCAS,2038,139.1,137,141.3,1.0102403950904204,153.57
CanESM2,rcp45,None,LUCAS,2039,158.3,155.9,160.7,1.1496840729174234,150.11
CanESM2,rcp45,None,LUCAS,2040,166.1,164,168.4,1.206333067034643,154.16000000000003
CanESM2,rcp45,None,LUCAS,2041,206.8,204.7,209.2,1.5019246132616748,150.12
CanESM2,rcp45,None,LUCAS,2042,166.7,164.8,168.5,1.210690681966737,155.34
CanESM2,rcp45,None,LUCAS,2043,173.5,171.7,175.8,1.260076984530467,154.26000000000002
CanESM2,rcp45,None,LUCAS,2044,129.6,126.5,132.3,0.9412448253322682,151.21
CanESM2,rcp45,None,LUCAS,2045,141.1,138.3,144.1,1.0247657781974,147.03000000000003
CanESM2,rcp45,None,LUCAS,2046,115.7,110.9,120.3,0.840293412738761,138.66000000000003
CanESM2,rcp45,None,LUCAS,2047,156.5,151.6,161.6,1.1366112281211418,136.23000000000002
CanESM2,rcp45,None,LUCAS,2048,128.3,123.9,133.2,0.9318033263127316,132.11
CanESM2,rcp45,None,LUCAS,2049,127.8,123.7,132.4,0.9281719805359866,134.03000000000003
CanESM2,rcp45,None,LUCAS,2050,124.3,120.6,128.6,0.9027525600987726,139.58
CanESM2,rcp45,None,LUCAS,2051,123.1,119.1,127.3,0.8940373302345849,147.89000000000001
CanESM2,rcp45,None,LUCAS,2052,142.4,138.3,146.5,1.0342072772169366,143.22
CanESM2,rcp45,None,LUCAS,2053,132.3,128.7,136.1,0.9608540925266905,147.5
CanESM2,rcp45,None,LUCAS,2054,148.8,144.8,152.6,1.080688503159271,144.79000000000002
CanESM2,rcp45,None,LUCAS,2055,196.6,192.1,200.6,1.4278451594160795,145.36
CanESM2,rcp45,None,LUCAS,2056,198.8,194.6,202.4,1.443823080833757,149.01000000000002
CanESM2,rcp45,None,LUCAS,2057,109.8,106.8,113,0.7974435325731716,148.97
CanESM2,rcp45,None,LUCAS,2058,171.1,166.5,175.6,1.2426465248020917,153.43
CanESM2,rcp45,None,LUCAS,2059,100.7,97.7,103.4,0.7313530394364152,158.01000000000002
CanESM2,rcp45,None,LUCAS,2060,130,126.3,133.2,0.944149901953664,154.56
CanESM2,rcp45,None,LUCAS,2061,159.6,155.5,162.9,1.1591255719369598,153.37
CanESM2,rcp45,None,LUCAS,2062,142,138.7,145.1,1.0313022005955408,158.51000000000002
CanESM2,rcp45,None,LUCAS,2063,176.9,173.2,180.3,1.284770135812332,158.95
CanESM2,rcp45,None,LUCAS,2064,194.6,190.8,198.1,1.4133197763091,157.4
CanESM2,rcp45,None,LUCAS,2065,162.1,158.8,164.6,1.177282300820684,162.41000000000003
CanESM2,rcp45,None,LUCAS,2066,186.9,183.3,189.8,1.3573970513472293,162.7
CanESM2,rcp45,None,LUCAS,2067,161.2,158,163.8,1.1707458784225433,158.11
CanESM2,rcp45,None,LUCAS,2068,175.5,172.2,178.3,1.2746023676374465,153.1
CanESM2,rcp45,None,LUCAS,2069,85.2,83.8,86.3,0.6187813203573245,148.83
CanESM2,rcp45,None,LUCAS,2070,180.1,177.4,182.3,1.308010748783499,151.03000000000003
CanESM2,rcp45,None,LUCAS,2071,162.5,160.6,164.2,1.1801873774420801,148.12
CanESM2,rcp45,None,LUCAS,2072,96.1,95,97.1,0.6979446582903623,148.34
CanESM2,rcp45,None,LUCAS,2073,126.8,125.6,128,0.9209092889824969,152.6
CanESM2,rcp45,None,LUCAS,2074,151.9,150.5,153.5,1.103202846975089,162.18
CanESM2,rcp45,None,LUCAS,2075,184.1,182.3,185.9,1.337061514997458,154.93
CanESM2,rcp45,None,LUCAS,2076,157.8,156,159.4,1.1460527271406784,154.81
CanESM2,rcp45,None,LUCAS,2077,163.4,160.9,165.7,1.186723799840221,165.56
CanESM2,rcp45,None,LUCAS,2078,218.1,215.2,220.9,1.5839930278161087,163.28000000000003
CanESM2,rcp45,None,LUCAS,2079,181,178.3,183.1,1.3145471711816399,162.18
CanESM2,rcp45,None,LUCAS,2080,107.6,106.1,108.9,0.7814656111554942,162.8
CanESM2,rcp45,None,LUCAS,2081,161.3,159.3,163.2,1.1714721475778924,161.11
CanESM2,rcp45,None,LUCAS,2082,203.6,201.2,205.9,1.4786840002905077,165.76000000000002
CanESM2,rcp45,None,LUCAS,2083,104,102.6,105.6,0.7553199215629313,159.92000000000002
CanESM2,rcp45,None,LUCAS,2084,140.9,138.9,142.9,1.023313239886702,155.57
CanESM2,rcp45,None,LUCAS,2085,190.3,187.8,192.7,1.3820902026290944,153.54000000000002
CanESM2,rcp45,None,LUCAS,2086,140.9,138.9,142.9,1.023313239886702,148.69
CanESM2,rcp45,None,LUCAS,2087,209.9,207.5,212.4,1.524438957077493,146.07
CanESM2,rcp45,None,LUCAS,2088,159.7,157.8,161.4,1.1598518410923087,152.92000000000002
CanESM2,rcp45,None,LUCAS,2089,137.5,136,139.1,0.998620088604837,152.93
CanESM2,rcp45,None,LUCAS,2090,87.3,86.2,88.4,0.6340329726196529,144.2
CanESM2,rcp45,None,LUCAS,2091,112.8,111.5,114,0.8192316072336407,140.7
CanESM2,rcp45,None,LUCAS,2092,177.4,175.9,178.7,1.288401481589077,135.25
CanESM2,rcp45,None,LUCAS,2093,172.5,170.9,173.9,1.2528142929769772,137.96
CanESM2,rcp45,None,LUCAS,2094,141,139.9,142.2,1.024039509042051,136.84
CanESM2,rcp45,None,LUCAS,2095,103,102.1,104.1,0.7480572300094415,142.29000000000002
CanESM2,rcp45,None,LUCAS,2096,105.9,104.8,107,0.7691190355145617,NA
CanESM2,rcp45,None,LUCAS,2097,155.4,153.9,157.1,1.128622267412303,NA
CanESM2,rcp45,None,LUCAS,2098,186.8,184.7,188.8,1.3566707821918804,NA
CanESM2,rcp45,None,LUCAS,2099,126.3,125,127.7,0.9172779432057521,NA
CanESM2,rcp45,None,LUCAS,2100,141.8,140.3,143.4,1.0298496622848428,NA
CanESM2,rcp85,None,LUCAS,2006,168.6,168.5,168.8,1.224400871459695,NA
CanESM2,rcp85,None,LUCAS,2007,108.3,108.2,108.4,0.7864923747276689,NA
CanESM2,rcp85,None,LUCAS,2008,138.5,138.4,138.7,1.0058097312999275,NA
CanESM2,rcp85,None,LUCAS,2009,132.6,132.4,132.7,0.962962962962963,NA
CanESM2,rcp85,None,LUCAS,2010,209.4,209.1,209.6,1.5206971677559915,137.7
CanESM2,rcp85,None,LUCAS,2011,144.4,144.2,144.6,1.048656499636892,131.43
CanESM2,rcp85,None,LUCAS,2012,156,155.7,156.1,1.132897603485839,130.79000000000002
CanESM2,rcp85,None,LUCAS,2013,63.7,63.6,63.8,0.46259985475671755,133.38
CanESM2,rcp85,None,LUCAS,2014,142.4,142.1,142.7,1.0341321713870735,139.88
CanESM2,rcp85,None,LUCAS,2015,113.1,112.9,113.3,0.8213507625272332,140.99
CanESM2,rcp85,None,LUCAS,2016,105.9,105.5,106.1,0.7690631808278868,137.37
CanESM2,rcp85,None,LUCAS,2017,101.9,101.5,102.2,0.7400145243282499,130.44
CanESM2,rcp85,None,LUCAS,2018,164.4,163.7,165,1.1938997821350763,140.23
CanESM2,rcp85,None,LUCAS,2019,197.6,196.7,198.4,1.4350036310820626,147.74
CanESM2,rcp85,None,LUCAS,2020,220.5,219.4,221.5,1.6013071895424837,153.84
CanESM2,rcp85,None,LUCAS,2021,108.2,107.5,108.8,0.785766158315178,158.89000000000001
CanESM2,rcp85,None,LUCAS,2022,86.7,86.2,87.2,0.6296296296296297,156.68
CanESM2,rcp85,None,LUCAS,2023,161.6,159.8,163.9,1.1735657225853304,153.5
CanESM2,rcp85,None,LUCAS,2024,217.5,212.2,223.5,1.5795206971677562,145.77
CanESM2,rcp85,None,LUCAS,2025,174.1,165.5,182.7,1.2643427741466957,133.98
CanESM2,rcp85,None,LUCAS,2026,156.4,148.7,164.9,1.1358024691358026,134.52
CanESM2,rcp85,None,LUCAS,2027,79.8,75.3,84.8,0.579520697167756,143.09
CanESM2,rcp85,None,LUCAS,2028,132.6,126.1,139.7,0.962962962962963,140.12
CanESM2,rcp85,None,LUCAS,2029,120.3,114.9,126.4,0.8736383442265796,133.32999999999998
CanESM2,rcp85,None,LUCAS,2030,102.6,97.5,108.2,0.7450980392156863,130.1
CanESM2,rcp85,None,LUCAS,2031,113.6,108.5,119.4,0.8249818445896877,131.34
CanESM2,rcp85,None,LUCAS,2032,172.4,165.5,179.9,1.2519970951343502,131.9
CanESM2,rcp85,None,LUCAS,2033,131.9,126.5,137.9,0.9578794480755266,132.17000000000002
CanESM2,rcp85,None,LUCAS,2034,149.6,144,155.6,1.0864197530864197,134.35
CanESM2,rcp85,None,LUCAS,2035,141.8,137,147.1,1.0297748729121279,142.7
CanESM2,rcp85,None,LUCAS,2036,168.8,163.8,174.8,1.225853304284677,144.75
CanESM2,rcp85,None,LUCAS,2037,85.4,82.3,89.1,0.6201888162672478,140.16
CanESM2,rcp85,None,LUCAS,2038,135.3,127.1,143,0.9825708061002181,146.60999999999999
CanESM2,rcp85,None,LUCAS,2039,142.1,132.4,153.4,1.0319535221496006,145.51
CanESM2,rcp85,None,LUCAS,2040,186.1,175.1,198.6,1.3514887436456064,149.60999999999999
CanESM2,rcp85,None,LUCAS,2041,134.1,125.6,144.1,0.9738562091503269,144.95999999999998
CanESM2,rcp85,None,LUCAS,2042,126.5,119.2,135.5,0.9186637618010168,150.60999999999999
CanESM2,rcp85,None,LUCAS,2043,196.4,186.9,207.6,1.4262890341321715,150.19
CanESM2,rcp85,None,LUCAS,2044,138.6,131.4,147.2,1.0065359477124183,148.04000000000002
CanESM2,rcp85,None,LUCAS,2045,182.8,174,192.9,1.3275236020334062,148
CanESM2,rcp85,None,LUCAS,2046,122.3,115.7,129.7,0.888162672476398,151.6
CanESM2,rcp85,None,LUCAS,2047,141.9,134.8,150.1,1.030501089324619,151.12
CanESM2,rcp85,None,LUCAS,2048,131.1,124.5,138.6,0.9520697167755992,148.01
CanESM2,rcp85,None,LUCAS,2049,120.6,115,127,0.8758169934640523,153.35
CanESM2,rcp85,None,LUCAS,2050,185.7,178.8,193.5,1.3485838779956427,155.27
CanESM2,rcp85,None,LUCAS,2051,170.1,163.9,177.1,1.2352941176470589,164.44
CanESM2,rcp85,None,LUCAS,2052,121.7,117.7,126,0.8838053740014525,169.24
CanESM2,rcp85,None,LUCAS,2053,165.3,160.4,170.5,1.2004357298474948,177.5
CanESM2,rcp85,None,LUCAS,2054,192,187.4,196.8,1.3943355119825709,191.09
CanESM2,rcp85,None,LUCAS,2055,202,198.2,206.2,1.4669571532316632,195.68
CanESM2,rcp85,None,LUCAS,2056,214,211.2,217.3,1.554103122730574,190.51
CanESM2,rcp85,None,LUCAS,2057,189.9,187.9,192,1.3790849673202616,189.53
CanESM2,rcp85,None,LUCAS,2058,213.7,211.8,215.4,1.551924473493101,181.59
CanESM2,rcp85,None,LUCAS,2059,256.5,254.4,258.5,1.8627450980392157,180.35999999999999
CanESM2,rcp85,None,LUCAS,2060,231.6,229.5,233.4,1.6819172113289762,184.87
CanESM2,rcp85,None,LUCAS,2061,118.4,117.4,119.4,0.8598402323892521,177.76
CanESM2,rcp85,None,LUCAS,2062,111.9,111,112.8,0.8126361655773422,172
CanESM2,rcp85,None,LUCAS,2063,85.9,85,86.5,0.6238198983297023,174.1
CanESM2,rcp85,None,LUCAS,2064,179.7,177.9,181,1.3050108932461875,166.76
CanESM2,rcp85,None,LUCAS,2065,247.1,244.8,249.1,1.794480755265069,160.75
CanESM2,rcp85,None,LUCAS,2066,142.9,141.7,144,1.037763253449528,166.24
CanESM2,rcp85,None,LUCAS,2067,132.3,131.3,133.3,0.9607843137254903,170.32999999999998
CanESM2,rcp85,None,LUCAS,2068,234.7,232.9,236.2,1.7044299201161948,173.81
CanESM2,rcp85,None,LUCAS,2069,183.1,181.8,184.4,1.3297022512708787,168.6
CanESM2,rcp85,None,LUCAS,2070,171.5,170.1,172.9,1.245461147421932,157.34
CanESM2,rcp85,None,LUCAS,2071,173.3,171.6,175.3,1.2585330428467685,160
CanESM2,rcp85,None,LUCAS,2072,152.8,151.3,154.6,1.1096586782861295,170.60999999999999
CanESM2,rcp85,None,LUCAS,2073,120.7,119.4,122,0.8765432098765433,166.79000000000002
CanESM2,rcp85,None,LUCAS,2074,127.6,126.2,128.9,0.9266521423384169,161.16
CanESM2,rcp85,None,LUCAS,2075,134.5,133.2,135.9,0.9767610748002906,166.6
CanESM2,rcp85,None,LUCAS,2076,169.5,167.9,171.2,1.2309368191721133,174.43
CanESM2,rcp85,None,LUCAS,2077,238.4,236.2,240.6,1.731299927378359,179.75
CanESM2,rcp85,None,LUCAS,2078,196.5,194.7,198.1,1.4270152505446625,178.45
CanESM2,rcp85,None,LUCAS,2079,126.8,125,129.1,0.9208424110384895,189.2
CanESM2,rcp85,None,LUCAS,2080,225.9,222.5,229.8,1.6405228758169936,195.84
CanESM2,rcp85,None,LUCAS,2081,251.6,247.9,255.4,1.8271604938271606,193.82
CanESM2,rcp85,None,LUCAS,2082,206,202.9,209.4,1.4960058097313,180.26
CanESM2,rcp85,None,LUCAS,2083,107.7,105.9,109.3,0.7821350762527234,185.7
CanESM2,rcp85,None,LUCAS,2084,235.1,231.8,238.5,1.7073347857661585,195.31
CanESM2,rcp85,None,LUCAS,2085,200.9,197.9,203.6,1.458968772694263,187.75
CanESM2,rcp85,None,LUCAS,2086,149.3,147.2,151.3,1.0842411038489472,178.42000000000002
CanESM2,rcp85,None,LUCAS,2087,102.8,101.4,104.1,0.7465504720406682,180.65
CanESM2,rcp85,None,LUCAS,2088,250.9,247.6,253.8,1.8220769789397242,184.81
CanESM2,rcp85,None,LUCAS,2089,222.9,220.3,225.2,1.618736383442266,176.23000000000002
CanESM2,rcp85,None,LUCAS,2090,150.3,148.6,152,1.0915032679738563,173.08
CanESM2,rcp85,None,LUCAS,2091,158.3,156.7,160,1.1496005809731302,166.7
CanESM2,rcp85,None,LUCAS,2092,228.3,226,230.6,1.6579520697167758,171.27
CanESM2,rcp85,None,LUCAS,2093,149.3,147.8,150.8,1.0842411038489472,165.7
CanESM2,rcp85,None,LUCAS,2094,149.3,147.9,150.7,1.0842411038489472,163.68
CanESM2,rcp85,None,LUCAS,2095,169.4,167.8,170.9,1.2302106027596225,169.53
CanESM2,rcp85,None,LUCAS,2096,85.5,84.8,86.5,0.6209150326797386,NA
CanESM2,rcp85,None,LUCAS,2097,148.5,147.1,150.2,1.0784313725490198,NA
CanESM2,rcp85,None,LUCAS,2098,195.2,193.4,197.1,1.4175744371822803,NA
CanESM2,rcp85,None,LUCAS,2099,202.7,200.2,204.7,1.4720406681190996,NA
CanESM2,rcp85,None,LUCAS,2100,208.8,206.3,211.3,1.516339869281046,NA
CanESM2,rcp45,NA,CanESM2,2006,184.6481616373914,NA,NA,1.0075800936575547,NA
CanESM2,rcp45,NA,CanESM2,2007,187.1825650788102,NA,NA,1.0214097166238831,NA
CanESM2,rcp45,NA,CanESM2,2008,156.0574046022583,NA,NA,0.8515672885705948,NA
CanESM2,rcp45,NA,CanESM2,2009,160.651514813259,NA,NA,0.8766362302574525,NA
CanESM2,rcp45,NA,CanESM2,2010,224.29081424795103,NA,NA,1.2239004040033528,183.25904094344645
CanESM2,rcp45,NA,CanESM2,2011,193.3774998807869,NA,NA,1.055213968627409,184.30900537129463
CanESM2,rcp45,NA,CanESM2,2012,144.01884390523196,NA,NA,0.7858757917961388,183.7380178498824
CanESM2,rcp45,NA,CanESM2,2013,174.69158763987843,NA,NA,0.9532494917606171,182.62736349259544
CanESM2,rcp45,NA,CanESM2,2014,192.95179080815126,NA,NA,1.0528909777919007,184.35633541487684
CanESM2,rcp45,NA,CanESM2,2015,214.7202268207458,NA,NA,1.1716760369110972,179.81048315631816
CanESM2,rcp45,NA,CanESM2,2016,195.1478059158734,NA,NA,1.0648740979502116,176.15982365859128
CanESM2,rcp45,NA,CanESM2,2017,181.47268986468762,NA,NA,0.9902523167775932,183.92163989070104
CanESM2,rcp45,NA,CanESM2,2018,144.95086102938888,NA,NA,0.7909615824854206,185.066950001797
CanESM2,rcp45,NA,CanESM2,2019,177.94123403607313,NA,NA,0.9709820215144837,182.56574888387658
CanESM2,rcp45,NA,CanESM2,2020,178.83229166236399,NA,NA,0.9758443061892453,178.9433532706367
CanESM2,rcp45,NA,CanESM2,2021,156.87090490351818,NA,NA,0.8560063617921497,179.18069589455672
CanESM2,rcp45,NA,CanESM2,2022,221.6370062263296,NA,NA,1.2094192192936695,182.6555691763889
CanESM2,rcp45,NA,CanESM2,2023,186.14468875083816,NA,NA,1.0157462780146396,186.04354874344216
CanESM2,rcp45,NA,CanESM2,2024,167.93977962894698,NA,NA,0.916406518141569,184.39759692695614
CanESM2,rcp45,NA,CanESM2,2025,178.496270688347,NA,NA,0.9740107214870277,183.43969090016537
CanESM2,rcp45,NA,CanESM2,2026,197.52123215507356,NA,NA,1.0778253074893502,190.65524629666479
CanESM2,rcp45,NA,CanESM2,2027,216.22142268300937,NA,NA,1.1798676974945814,193.47400479521653
CanESM2,rcp45,NA,CanESM2,2028,178.83065669992143,NA,NA,0.9758353845969783,197.1450470156096
CanESM2,rcp45,NA,CanESM2,2029,161.4817158712129,NA,NA,0.8811664354450378,198.52777261974433
CanESM2,rcp45,NA,CanESM2,2030,169.25323139445652,NA,NA,0.923573704866697,200.1255746525088
CanESM2,rcp45,NA,CanESM2,2031,229.02645886851232,NA,NA,1.2497416645282438,203.45143195309697
CanESM2,rcp45,NA,CanESM2,2032,249.824591211847,NA,NA,1.3632320125965445,205.16707646043847
CanESM2,rcp45,NA,CanESM2,2033,222.8551109547689,NA,NA,1.216066120435181,208.64436398014354
CanESM2,rcp45,NA,CanESM2,2034,181.76703567029435,NA,NA,0.9918584902252516,216.5457265175704
CanESM2,rcp45,NA,CanESM2,2035,194.47429101599153,NA,NA,1.0611988910059074,218.81572492518617
CanESM2,rcp45,NA,CanESM2,2036,230.77980516095533,NA,NA,1.2593092486617006,214.65553313270203
CanESM2,rcp45,NA,CanESM2,2037,233.3778677564242,NA,NA,1.2734862441435804,219.79089214759924
CanESM2,rcp45,NA,CanESM2,2038,213.60353189697247,NA,NA,1.165582504400917,223.44203696255732
CanESM2,rcp45,NA,CanESM2,2039,240.49534124548126,NA,NA,1.3123245653113393,230.064457565657
CanESM2,rcp45,NA,CanESM2,2040,191.95321547061405,NA,NA,1.0474419951256355,233.23343400810944
CanESM2,rcp45,NA,CanESM2,2041,187.42454094367093,NA,NA,1.0227301200463554,228.34112791682136
CanESM2,rcp45,NA,CanESM2,2042,301.1781813608195,NA,NA,1.6434560598500723,229.97909849788806
CanESM2,rcp45,NA,CanESM2,2043,259.3665591043496,NA,NA,1.415300209850983,227.21914892546692
CanESM2,rcp45,NA,CanESM2,2044,247.9912417012912,NA,NA,1.3532278703664125,228.3420909231862
CanESM2,rcp45,NA,CanESM2,2045,226.1640554405159,NA,NA,1.23412222543667,235.30302656270777
CanESM2,rcp45,NA,CanESM2,2046,181.85674424807436,NA,NA,0.9923480081083432,239.65112895421572
CanESM2,rcp45,NA,CanESM2,2047,249.75757356709119,NA,NA,1.3628663136143233,232.49651002296332
CanESM2,rcp45,NA,CanESM2,2048,186.00403617276092,NA,NA,1.0149787711164635,227.99548037420368
CanESM2,rcp45,NA,CanESM2,2049,251.72476122267418,NA,NA,1.3736007780394104,226.15162662771655
CanESM2,rcp45,NA,CanESM2,2050,261.56257186583,NA,NA,1.4272833172064237,228.77770234937483
CanESM2,rcp45,NA,CanESM2,2051,230.90556485874993,NA,NA,1.2599954887355718,231.54092553792307
CanESM2,rcp45,NA,CanESM2,2052,229.63199204829561,NA,NA,1.2530459117657384,229.87576205870363
CanESM2,rcp45,NA,CanESM2,2053,214.35626261675344,NA,NA,1.169689972801416,231.21845274690799
CanESM2,rcp45,NA,CanESM2,2054,229.55270423641988,NA,NA,1.2526132574668425,230.73861751496247
CanESM2,rcp45,NA,CanESM2,2055,252.42481265709895,NA,NA,1.3774207883964482,227.40694057794138
CanESM2,rcp45,NA,CanESM2,2056,209.48897613355652,NA,NA,1.143130374660231,227.4000820648583
CanESM2,rcp45,NA,CanESM2,2057,233.10593877489703,NA,NA,1.2720023938509715,226.27535766434653
CanESM2,rcp45,NA,CanESM2,2058,199.43094305480432,NA,NA,1.0882461352416906,223.17298209760384
CanESM2,rcp45,NA,CanESM2,2059,246.92640890321877,NA,NA,1.3474173368582674,219.52179646288232
CanESM2,rcp45,NA,CanESM2,2060,228.24580249561933,NA,NA,1.2454818126329483,216.08996391910387
CanESM2,rcp45,NA,CanESM2,2061,230.8369797279191,NA,NA,1.2596212363632044,214.6069839454864
CanESM2,rcp45,NA,CanESM2,2062,218.38474804317772,NA,NA,1.1916724376538184,210.08205041006227
CanESM2,rcp45,NA,CanESM2,2063,183.33250694932687,NA,NA,1.0004008861200093,215.7291522259649
CanESM2,rcp45,NA,CanESM2,2064,193.04084788920443,NA,NA,1.053376940615861,210.87055948465354
CanESM2,rcp45,NA,CanESM2,2065,218.1064872193144,NA,NA,1.1901540360381013,206.7190295310972
CanESM2,rcp45,NA,CanESM2,2066,194.65917639738188,NA,NA,1.062207765550042,204.45776715114374
CanESM2,rcp45,NA,CanESM2,2067,187.85660342065594,NA,NA,1.025087779863632,200.42239870781825
CanESM2,rcp45,NA,CanESM2,2068,255.90196121383016,NA,NA,1.396394742089703,209.64737665187158
CanESM2,rcp45,NA,CanESM2,2069,198.34048149010542,NA,NA,1.0822957517894745,220.55123662285578
CanESM2,rcp45,NA,CanESM2,2070,186.73050296005607,NA,NA,1.018942923627331,221.90686466119186
CanESM2,rcp45,NA,CanESM2,2071,208.22435592838445,NA,NA,1.1362296498792783,219.45629408785135
CanESM2,rcp45,NA,CanESM2,2072,178.03106360992274,NA,NA,0.9714721996436889,226.6611492340806
CanESM2,rcp45,NA,CanESM2,2073,275.58228638986026,NA,NA,1.503785488405479,228.43368860073423
CanESM2,rcp45,NA,CanESM2,2074,302.07944759904615,NA,NA,1.64837405043644,232.69414906098262
CanESM2,rcp45,NA,CanESM2,2075,231.66276760267542,NA,NA,1.264127359883796,237.18404126967502
CanESM2,rcp45,NA,CanESM2,2076,170.1534706639767,NA,NA,0.9284860915346922,241.42671215884283
CanESM2,rcp45,NA,CanESM2,2077,259.90515488294835,NA,NA,1.418239195975902,251.93665134446331
CanESM2,rcp45,NA,CanESM2,2078,273.62735488036674,NA,NA,1.493117902787715,250.45286882756295
CanESM2,rcp45,NA,CanESM2,2079,240.94508609258946,NA,NA,1.3147787135203055,243.18374548916637
CanESM2,rcp45,NA,CanESM2,2080,231.62942504697983,NA,NA,1.2639454176695188,239.23415278116607
CanESM2,rcp45,NA,CanESM2,2081,250.65106482006254,NA,NA,1.367741877997786,246.79106492423617
CanESM2,rcp45,NA,CanESM2,2082,283.1304554661278,NA,NA,1.5449740106055754,243.8792864372121
CanESM2,rcp45,NA,CanESM2,2083,260.74446122085635,NA,NA,1.4228190864609067,241.49976019875243
CanESM2,rcp45,NA,CanESM2,2084,229.3882142150803,NA,NA,1.251715675440369,238.50439992379674
CanESM2,rcp45,NA,CanESM2,2085,192.16684052267254,NA,NA,1.048607695060322,243.23709089759276
CanESM2,rcp45,NA,CanESM2,2086,245.72259209467748,NA,NA,1.340848401419427,241.13783505099136
CanESM2,rcp45,NA,CanESM2,2087,230.78737001270795,NA,NA,1.2593505282172066,234.734218718578
CanESM2,rcp45,NA,CanESM2,2088,249.83209249577004,NA,NA,1.3632729452778705,223.40648522370657
CanESM2,rcp45,NA,CanESM2,2089,210.99148334303248,NA,NA,1.151329190946406,220.224866547192
CanESM2,rcp45,NA,CanESM2,2090,278.95633478494,NA,NA,1.5221968496005918,229.15474669361714
CanESM2,rcp45,NA,CanESM2,2091,229.65850635404865,NA,NA,1.253190593881374,235.06220027298014
CanESM2,rcp45,NA,CanESM2,2092,219.09429214199412,NA,NA,1.1955442471709017,230.91207128892069
CanESM2,rcp45,NA,CanESM2,2093,147.46712627214197,NA,NA,0.8046922297146049,233.82139221670664
CanESM2,rcp45,NA,CanESM2,2094,197.57202744993455,NA,NA,1.078102485055049,235.31154693834236
CanESM2,rcp45,NA,CanESM2,2095,281.465641986924,NA,NA,1.5358895284941716,231.32302931939995
CanESM2,rcp45,NA,CanESM2,2096,304.79712788830744,NA,NA,1.663203770570684,NA
CanESM2,rcp45,NA,CanESM2,2097,189.28608017211346,NA,NA,1.0328880867085133,NA
CanESM2,rcp45,NA,CanESM2,2098,278.9253017736297,NA,NA,1.522027510008119,NA
CanESM2,rcp45,NA,CanESM2,2099,225.8930305593897,NA,NA,1.2326433085999837,NA
CanESM2,rcp45,NA,CanESM2,2100,239.0711585955158,NA,NA,1.3045531470902598,NA
CanESM2,rcp85,NA,CanESM2,2006,196.00809569258098,NA,NA,0.9876611035692501,NA
CanESM2,rcp85,NA,CanESM2,2007,224.4435247266895,NA,NA,1.1309437936084439,NA
CanESM2,rcp85,NA,CanESM2,2008,164.74257083456015,NA,NA,0.8301179027344415,NA
CanESM2,rcp85,NA,CanESM2,2009,210.65956498324468,NA,NA,1.061488086467057,NA
CanESM2,rcp85,NA,CanESM2,2010,168.4723832680599,NA,NA,0.8489119767810274,198.45683401344743
CanESM2,rcp85,NA,CanESM2,2011,207.51138801373398,NA,NA,1.0456248032238236,196.30534347070366
CanESM2,rcp85,NA,CanESM2,2012,196.5040630474249,NA,NA,0.990160223124943,190.4576725897286
CanESM2,rcp85,NA,CanESM2,2013,196.97333357112507,NA,NA,0.9925248205752297,197.50047042557222
CanESM2,rcp85,NA,CanESM2,2014,266.7278464021053,NA,NA,1.3440093798132031,195.12825062878167
CanESM2,rcp85,NA,CanESM2,2015,152.5255695949499,NA,NA,0.7685579101025807,202.11456958042214
CanESM2,rcp85,NA,CanESM2,2016,174.49319026514317,NA,NA,0.8792500955312,200.83823664808364
CanESM2,rcp85,NA,CanESM2,2017,165.96681591693886,NA,NA,0.83628672573549645,196.78241635687195
CanESM2,rcp85,NA,CanESM2,2018,235.1705491929965,NA,NA,1.184995973366487,198.194882868923
CanESM2,rcp85,NA,CanESM2,2019,186.9373670153391,NA,NA,0.9419547981032098,190.23438782679767
CanESM2,rcp85,NA,CanESM2,2020,238.33557278446483,NA,NA,1.200944144701589,194.73273956031397
CanESM2,rcp85,NA,CanESM2,2021,194.74805869034884,NA,NA,0.9813119294100636,195.24597395217822
CanESM2,rcp85,NA,CanESM2,2022,155.94586013530792,NA,NA,0.7857923407401584,198.0309067672393
CanESM2,rcp85,NA,CanESM2,2023,211.09799869163555,NA,NA,1.0636973009321087,195.52722183214547
CanESM2,rcp85,NA,CanESM2,2024,187.12289598085212,NA,NA,0.9428896561363701,195.70701654832672
CanESM2,rcp85,NA,CanESM2,2025,197.509086930113,NA,NA,0.9952244169970472,194.09121063604817
CanESM2,rcp85,NA,CanESM2,2026,179.62553418378562,NA,NA,0.9051113562136852,195.05688452615098
CanESM2,rcp85,NA,CanESM2,2027,193.81614406754954,NA,NA,0.9766161242621484,202.90572585168988
CanESM2,rcp85,NA,CanESM2,2028,210.13369984205835,NA,NA,1.058838315579597,205.96725094762328
CanESM2,rcp85,NA,CanESM2,2029,188.7353141771514,NA,NA,0.9510144365417151,216.78912029060933
CanESM2,rcp85,NA,CanESM2,2030,222.1775136616795,NA,NA,1.119525637734525,218.1475915047928
CanESM2,rcp85,NA,CanESM2,2031,204.40479759137676,NA,NA,1.0299710695653157,222.2275535882859
CanESM2,rcp85,NA,CanESM2,2032,234.43427339069711,NA,NA,1.181285968589078,224.1707145619252
CanESM2,rcp85,NA,CanESM2,2033,241.71324965096935,NA,NA,1.2179638501871437,224.63676011546286
CanESM2,rcp85,NA,CanESM2,2034,295.34158941071286,NA,NA,1.4881905724178817,226.51877399849337
CanESM2,rcp85,NA,CanESM2,2035,211.09379907194764,NA,NA,1.0636761395560907,229.30526927789865
CanESM2,rcp85,NA,CanESM2,2036,220.42515501871662,NA,NA,1.1106957143324205,232.05880173087326
CanESM2,rcp85,NA,CanESM2,2037,213.2477538039425,NA,NA,1.0745296571116962,227.25146528428255
CanESM2,rcp85,NA,CanESM2,2038,214.79415537743478,NA,NA,1.082321787733852,224.92462625392983
CanESM2,rcp85,NA,CanESM2,2039,207.55545300745666,NA,NA,1.0458468414012525,220.24832599554648
CanESM2,rcp85,NA,CanESM2,2040,250.0424664557324,NA,NA,1.2599337669510011,219.94139703567907
CanESM2,rcp85,NA,CanESM2,2041,231.94012212112247,NA,NA,1.1687182417986484,215.57381596636296
CanESM2,rcp85,NA,CanESM2,2042,186.3609089247901,NA,NA,0.9390500954588558,216.46614312258868
CanESM2,rcp85,NA,CanESM2,2043,218.44485934744205,NA,NA,1.100717243794387,218.94399509026908
CanESM2,rcp85,NA,CanESM2,2044,248.5785868268798,NA,NA,1.2525574544338247,224.7470265051398
CanESM2,rcp85,NA,CanESM2,2045,208.02450947327324,NA,NA,1.0482103602397361,217.89721922584445
CanESM2,rcp85,NA,CanESM2,2046,176.74934432555546,NA,NA,0.8906185831503234,214.20412287577196
CanESM2,rcp85,NA,CanESM2,2047,222.17102536619993,NA,NA,1.1194929439978147,216.83724516947285
CanESM2,rcp85,NA,CanESM2,2048,239.57267505423843,NA,NA,1.2071777535159358,212.8617540427153
CanESM2,rcp85,NA,CanESM2,2049,265.58576715616397,NA,NA,1.3382545805309374,210.7120623024497
CanESM2,rcp85,NA,CanESM2,2050,181.54439366277916,NA,NA,0.9147802572043334,219.4076956139893
CanESM2,rcp85,NA,CanESM2,2051,195.00915862039756,NA,NA,0.9826275803995933,219.87012038431067
CanESM2,rcp85,NA,CanESM2,2052,212.6921318617992,NA,NA,1.071729945300786,218.17179714127025
CanESM2,rcp85,NA,CanESM2,2053,178.68994807986638,NA,NA,0.9003970509161622,222.65330741995916
CanESM2,rcp85,NA,CanESM2,2054,227.0816694242236,NA,NA,1.1442370858785167,229.7275623979583
CanESM2,rcp85,NA,CanESM2,2055,294.98084258866913,NA,NA,1.4863728127834652,232.43286403110983
CanESM2,rcp85,NA,CanESM2,2056,181.37359202876922,NA,NA,0.9139196084145903,242.6336665517071
CanESM2,rcp85,NA,CanESM2,2057,205.1877929357957,NA,NA,1.0339164884686822,251.55892995081155
CanESM2,rcp85,NA,CanESM2,2058,284.3877778411279,NA,NA,1.4329956398571682,255.9969378642341
CanESM2,rcp85,NA,CanESM2,2059,336.3283169361552,NA,NA,1.6947177385353511,252.99224822417673
CanESM2,rcp85,NA,CanESM2,2060,208.59740999429442,NA,NA,1.0510971367212272,255.7626751567324
CanESM2,rcp85,NA,CanESM2,2061,297.0171838263707,NA,NA,1.496633690156746,268.2454355244814
CanESM2,rcp85,NA,CanESM2,2062,301.9447658528433,NA,NA,1.5214631804132457,273.77013620166963
CanESM2,rcp85,NA,CanESM2,2063,223.0700272140919,NA,NA,1.1240229056509925,278.4834410729047
CanESM2,rcp85,NA,CanESM2,2064,197.0347730236498,NA,NA,0.9928344065505889,272.6849408593695
CanESM2,rcp85,NA,CanESM2,2065,322.6851119142258,NA,NA,1.6259712774232842,281.4264211221092
CanESM2,rcp85,NA,CanESM2,2066,306.20119570625997,NA,NA,1.5429108159888905,277.01442927977996
CanESM2,rcp85,NA,CanESM2,2067,260.4347997076773,NA,NA,1.3122994781325104,273.1497617862242
CanESM2,rcp85,NA,CanESM2,2068,331.52082655347874,NA,NA,1.6704933755569984,280.53988332393226
CanESM2,rcp85,NA,CanESM2,2069,278.34331480080283,NA,NA,1.4025383211643005,278.0868910871567
CanESM2,rcp85,NA,CanESM2,2070,296.01221262169236,NA,NA,1.4915697617227661,271.96885702776495
CanESM2,rcp85,NA,CanESM2,2071,252.89726540307765,NA,NA,1.2743187537998382,278.4671879962238
CanESM2,rcp85,NA,CanESM2,2072,263.2980909172857,NA,NA,1.3267272564644694,284.9008096618784
CanESM2,rcp85,NA,CanESM2,2073,296.9712425911721,NA,NA,1.4964021978252928,275.9017018155713
CanESM2,rcp85,NA,CanESM2,2074,172.5048506558946,NA,NA,0.8692310925619505,277.2165712168337
CanESM2,rcp85,NA,CanESM2,2075,261.5047713203082,NA,NA,1.3176909357658533,277.50523370137154
CanESM2,rcp85,NA,CanESM2,2076,371.1845053908487,NA,NA,1.8703538592462743,277.95653224818034
CanESM2,rcp85,NA,CanESM2,2077,324.771016364223,NA,NA,1.6364818978328382,282.189425350689
CanESM2,rcp85,NA,CanESM2,2078,241.52974809040785,NA,NA,1.2170392080024908,289.82025899657225
CanESM2,rcp85,NA,CanESM2,2079,291.49200881342693,NA,NA,1.4687930010698218,301.9026146871795
CanESM2,rcp85,NA,CanESM2,2080,298.8988374670706,NA,NA,1.5061151154251369,305.2829601753487
CanESM2,rcp85,NA,CanESM2,2081,257.4102508711656,NA,NA,1.297059142109077,301.86392451844335
CanESM2,rcp85,NA,CanESM2,2082,305.62702194237283,NA,NA,1.540017623790489,299.7555684322269
CanESM2,rcp85,NA,CanESM2,2083,373.27957905000426,NA,NA,1.8809106821925359,305.2316229163936
CanESM2,rcp85,NA,CanESM2,2084,293.3284075619672,NA,NA,1.4780463924063771,303.6274027198343
CanESM2,rcp85,NA,CanESM2,2085,295.3082262020004,NA,NA,1.488022459241642,297.4791278514955
CanESM2,rcp85,NA,CanESM2,2086,336.99414882179474,NA,NA,1.6980727849309538,299.46862781763423
CanESM2,rcp85,NA,CanESM2,2087,303.68745550205864,NA,NA,1.5302443829245043,297.5876439891051
CanESM2,rcp85,NA,CanESM2,2088,296.290292932075,NA,NA,1.4929709747964555,291.07423957287165
CanESM2,rcp85,NA,CanESM2,2089,275.4498068478342,NA,NA,1.3879582843147127,291.0739062791089
CanESM2,rcp85,NA,CanESM2,2090,237.41608878368228,NA,NA,1.1963109759555821,282.9310186143217
CanESM2,rcp85,NA,CanESM2,2091,277.3052505325525,NA,NA,1.3973076407827927,287.901057588409
CanESM2,rcp85,NA,CanESM2,2092,286.8171836570818,NA,NA,1.4452371221322973,296.61871833792964
CanESM2,rcp85,NA,CanESM2,2093,308.1455348876697,NA,NA,1.5527081061203958,296.39103948395547
CanESM2,rcp85,NA,CanESM2,2094,293.3250746243398,NA,NA,1.47802959813651,300.1147394225336
CanESM2,rcp85,NA,CanESM2,2095,213.87934955412888,NA,NA,1.0777121917587198,317.72958058596237
CanESM2,rcp85,NA,CanESM2,2096,386.6945385626675,NA,NA,1.9485070417704289,NA
CanESM2,rcp85,NA,CanESM2,2097,390.8640629972644,NA,NA,1.9695167714445119,NA
CanESM2,rcp85,NA,CanESM2,2098,294.01350439233363,NA,NA,1.4814985125299907,NA
CanESM2,rcp85,NA,CanESM2,2099,312.6868062336156,NA,NA,1.5755910235493726,NA
CanESM2,rcp85,NA,CanESM2,2100,413.5645004179697,NA,NA,2.0839015319066645,NA
